smiles,IC50,logIC50,bottom,top,hill,r2,fit_success
Br.COc1cccc(-c2cn3cccc(N)c3n2)c1,1.5540188606017917,0.19145628538225537,-9.850668287499426,105.81932457760406,0.7750219429989951,0.990148941842172,True
Brc1ccc(C2=NN=C(NC3CC3)SC2)cc1.Cl,0.04117899468649438,-1.3853242601326905,7.74817851,98.9799826068284,1.3542113395983253,0.9946075698252741,True
C#CCOc1ccc(C(=O)Nc2cccc(OC)c2)cc1,0.5409954190461609,-0.2668064123266973,-10.632351483133855,100.1589428153132,0.9006724943974833,0.9907168986642546,True
C#Cc1cccc(NC(=O)C2=Cc3ccccc3OC2)c1,2.3731995915468964,0.37533426491868427,-2.343385285261145,106.14273924285057,0.8746053844479122,0.9891824918950148,True
C#Cc1cccc(NC(=O)c2ccc3c(c2)OCCCO3)c1,0.049984568630439985,-1.3011640515246632,13.688300796697364,99.82208981557798,1.2394383964578732,0.9882481196385677,True
C/C(O)=C(\C#N)C(=O)Nc1ccc(C(F)(F)F)cc1,2.294778759800531,0.3607408214508975,-9.527351509460695,108.10274260999999,0.7493551403760093,0.9765198530524221,True
C=CC[C@@H]1/C=C(\C)C[C@H](C)C[C@H](OC)[C@H]2O[C@@](O)(C(=O)C(=O)N3CCCC[C@H]3C(=O)O[C@H](/C(C)=C/[C@@H]3CC[C@@H](O)[C@H](OC)C3)[C@H](C)[C@@H](O)CC1=O)[C@H](C)C[C@@H]2OC.O,3245027500.83575,9.511218381694356,-50.77293340187056,-60.07696243263286,2.676341113175015,1.1102230246251565e-16,True
C=CCn1c(C)cc(C2=NN=C(NC(C)(C)C)SC2)c1C,0.10137400597885896,-0.9940733912272778,-4.808921824999999,100.20581241251723,0.9970102133591666,0.9967290121928066,True
CC(=O)NCC1CN(C(=O)Nc2ccc3c(c2)OCCO3)CC12CCCCC2,1.082000169729479,0.03422732889677091,-10.545358095507941,103.8708183923187,0.7992522155611879,0.9969918733334843,True
CC(=O)NCCc1ccc(C(=O)Cn2c(S(C)(=O)=O)nc3ccccc32)cc1,0.29271602654548734,-0.53355349878341,-10.8960151942411,99.81263685469112,0.9638730986259447,0.9932334886237896,True
CC(=O)NCc1ccc(-c2noc(-c3ccc(N(C)C)cc3)n2)s1,0.10303327303018556,-0.9870225038394567,-18.928534310534634,100.027402123477,0.8784331867179852,0.9928127561337834,True
CC(=O)Nc1ccc(F)c(NC(=O)c2cc(N(C)C)ccn2)c1,0.855503697151216,-0.06777810926852396,-0.6567474776826344,100.66631090277747,0.8545734828955766,0.9890625676492816,True
CC(=O)Nc1cccc(N2CC(=O)C(c3nc4ccccc4c(=O)[nH]3)=C2N)c1,1.0809802251815508,0.03381774929735713,-5.79076504673012,97.20532808631245,0.9396029700519108,0.9816668827692859,True
CC(=O)c1c(C)[nH]c(C(=O)Nc2nc3ccccc3[nH]2)c1C,0.03703786062202922,-1.4313541069490876,21.452238140000002,99.70050744944226,1.3774385834299856,0.994412136225957,True
CC(=O)c1ccc(C(=O)Nc2ccc3sncc3c2)cc1,0.20609196263941562,-0.6859389448991685,-16.67137310299978,104.67097201775238,0.6932613622799251,0.9929284603188304,True
CC(=O)c1cccc(NC(=O)c2cc3ccccc3o2)c1,1.0251344075667261,0.010780810404181414,-4.76752990317083,98.21058161042826,1.0687296476283537,0.9912473849735113,True
CC(=O)c1cccc(Nc2nc(N)c3ccccc3n2)c1,0.11202926714491065,-0.950668505016401,-0.8885116669484461,99.955572263081,0.9728917555997605,0.9888659558289228,True
CC(C(=O)O)c1ccc(N2Cc3ccccc3C2=O)cc1,0.0930249495394178,-1.0314005568856635,4.198676540991365,99.42953526916986,1.2710186986236458,0.9898513184690526,True
CC(C)(C)C(=O)Nc1ccc(C2=NN=C(NC3CC3)SC2)cc1,1.1669812765382612,0.06706388812647796,-4.994281599970073,104.59645377097554,0.8122160698863502,0.9891614256592723,True
CC(C)(C)C(=O)Nc1ccc(NC(=O)c2nccnc2N)cc1,0.1950077919043474,-0.7099480352351537,-13.933569999999998,100.93201087394297,0.829963894098659,0.9960999841546821,True
CC(C)(C)NC1=NN=C(c2ccc3c(c2)OCO3)CS1,1.215942067404321,0.08491288381338083,-3.4007968221136893,100.23806645342783,0.9919896364520805,0.988055629498549,True
CC(C)(C)OC(=O)c1ccc(-n2[nH]cc(-n3ccnn3)c2=O)nc1,0.9204982590503403,-0.035977028545675874,-21.604019132515127,107.15774789163812,0.6730553821205614,0.9939490864744962,True
CC(C)(C)c1ccc(-c2nc(N)n[nH]2)cc1,0.7514437616526679,-0.12410351663109291,-5.888225321093239,98.30103170255234,1.0778270627374087,0.985116923828797,True
CC(C)(C)c1ccc(C(=O)CSc2nc[nH]n2)cc1,1.5085735355852967,0.17856648475995712,-3.603669386254658,99.14297897507572,1.1054549249627152,0.9887250966573414,True
CC(C)(C)c1ccc(C(=O)Nc2cnc3ccccn3c2=O)cc1,0.737970776274583,-0.13196083594658228,-1.7330021477427902,99.74994833235614,0.8864321260284828,0.9933691955892425,True
CC(C)(C)c1ccc(NC(=O)CSc2nc[nH]n2)cc1,2.207208571122878,0.34384337394455333,-3.1620504648169914,102.12365581974825,0.9763477331216792,0.9869314133699059,True
CC(C)(C)c1cnc(S(=O)(=O)Cc2nnsc2Cl)s1,0.7343532446621097,-0.1340949819043725,-5.437834597986647,100.89552206474345,0.8525440031706752,0.9870874288048589,True
CC(C)(C)c1nc(-c2nc3ccccc3c(=O)[nH]2)co1,0.08532372625275311,-1.0689301863253822,-0.9383608199999995,99.49178640488833,0.958635351839493,0.9938221901035501,True
CC(C)(O)CN1CCN(C(=O)c2ccc(-c3ccccc3F)o2)CC1,2.4378627128602166,0.38700924487299676,-5.8639007479757375,107.36174325999994,0.7501441601303226,0.9890271186583648,True
CC(C)C(=O)Nc1ccc(-c2cn3ccccc3n2)cc1,0.07562099966365764,-1.1213575858264233,-13.120459168999986,100.12742232280927,0.944359227032653,0.9920671508182711,True
CC(C)C(=O)Nc1ccc(C2=NN=C(NC3CC3)SC2)cc1,0.498868542069691,-0.3020138811806608,3.2521717040033287,98.85535143590766,1.267432872989513,0.9906636832979999,True
CC(C)CCCNC(=O)c1ccc2c(c1)OCCO2,0.2890659236922632,-0.5390031017733845,0.13019875494051394,100.36002789523688,0.8968956902612626,0.9917200328162388,True
CC(C)Cc1cc(C(=O)Nc2cccc(O)c2)no1,0.16553319026438504,-0.7811149148580337,-1.3104059111865327,101.18654193357239,0.8233809001992651,0.994977212910289,True
CC(C)Cn1ncc2cc(C(=O)Nc3nc4ccccc4[nH]3)cnc21,0.20036966473471854,-0.6981680284911711,-4.003165035817696,99.2398212439268,1.0170508076649563,0.9962522854410436,True
CC(C)Oc1ccc(C(=O)Nc2ccccn2)cc1,0.07862029801522462,-1.104465314292039,7.642083220000033,99.19703577001431,1.128009026894086,0.9977362183519968,True
CC(C)c1c(O)cc(/C=C/c2ccccc2)cc1O,0.053536920478545996,-1.2713466136802551,-2.4840162739999996,98.63547741584178,1.2158193445124774,0.9959567781184108,True
CC(C)c1cc(C(=O)N2CCc3sccc3C2)n[nH]1,1.7781013484022261,0.24995651130091337,5.025167078737553,97.00738540572787,1.1495302180132299,0.9832820896311547,True
CC(C)c1cc(C(=O)Nc2ccc3[nH]nnc3c2)nn1C,0.42978402428543616,-0.36674973191956134,-6.234271601848825,99.31667027859658,1.0360483645218916,0.9927233794930739,True
CC(C)c1cc(NN)n2ncc(-c3ccccc3)c2n1,0.7720817102328171,-0.11233673538267766,-7.056660760951066,104.10093418651745,0.9728047852968088,0.9932243008801985,True
CC(C)c1ccc(-c2cc(=O)c3ccccc3o2)cc1,0.35202994529064485,-0.45342039185898675,3.978771207614596,100.01566255679502,1.141307909241406,0.9929095787917961,True
CC(C)c1ccc(-c2nnc(SCCN3CCOC3=O)o2)cc1,2.2250288591330705,0.3473356482522153,-5.8077596035419194,107.39421373999998,0.6746688667399501,0.9932240906556679,True
CC(C)c1ccc(C(=O)Nc2ccn(CCS(C)(=O)=O)n2)s1,0.6407298661009588,-0.19332503193050732,3.2679530919007616,97.93436905097346,1.1453124444835818,0.9841631522148574,True
CC(C)c1ccc(NC(=O)c2ccc3[nH]cnc3c2)cc1,1.7584484763722192,0.24512964774249724,-1.9215984206086427,102.09554712689598,1.0042362442992665,0.9965156745399785,True
CC(C)c1ccc(Nc2ncnc3c2nnn3C)cc1,0.8423276461604355,-0.07451894503102416,-0.9284375433298524,102.16311403013215,0.8263628478254538,0.9880522849101698,True
CC(C)n1ccc2c(OCC(=O)Nc3ncc[nH]3)cccc21,0.8942975234623441,-0.04851797191809414,-0.6115271721905151,100.93952762288193,0.9906942366852393,0.9929837079653653,True
CC(C)n1ncc2cc(NC(=O)c3cc4ccccc4cc3O)cnc21,0.4697837871482424,-0.32810197536929525,-10.05866036214579,98.66663079682718,0.7907896853666252,0.9960198268395195,True
CC1(C)Oc2ccc(NC(=O)c3cnn4cccnc34)cc2O1,2.116422649483373,0.3256024006076153,-4.77491299696013,105.05739522924891,0.8604672354382509,0.9862263627337323,True
CC1=CCN(C(=O)Nc2ccc(C)cc2Cl)CC1,1.6828628698690011,0.22604872840269272,-0.8706215158384197,102.01767870626206,0.9180591798576744,0.9939978341620325,True
CC1=NNC(=O)[C@H]1CCNC(=O)c1ccc(-n2nc(C)cc2C)cc1,1.9120538000062468,0.2815001079804169,7.284348369760095,99.36418536287582,1.1981595564059202,0.991282238377986,True
CC1CCc2nc(Nc3ccccc3)ncc2C1,0.1526372754747261,-0.8163393945847683,-7.372145505677426,100.23287097634132,0.9073980726654606,0.9941038329135866,True
CCC(=O)Nc1ccc2oc(-c3ccccc3F)nc2c1,0.3518810224618162,-0.45360415476855237,-14.552972817856757,103.01682633975767,0.7758707770683819,0.9873345993393907,True
CCC(C)c1ccc(NC(=O)c2cccs2)cc1,0.1568505639186945,-0.8045139155614736,1.87150635749536,99.4929843282311,1.1076809308406033,0.9965341844550071,True
CCCC1(O)CCN(c2nc3cc(C)ccc3o2)CC1,0.17401489175102094,-0.7594135843119155,-3.5199987075485932,100.1096651208607,0.919765999016115,0.9891983650028484,True
CCCCNC(=O)COc1ccc(Br)cc1Cl,2.4028925433020403,0.38073434970758774,2.3405262095425,104.48091198473462,0.8976101636716077,0.9880964248257101,True
CCCCc1ccc(-c2cnn3cccnc23)cc1,1.0493840252461542,0.02093444865567701,1.2845981117593988,98.77987095430532,1.1202925554232621,0.9945279981814952,True
CCCN(C)c1ccc(C(=O)NCCc2nnc3ccccn23)cc1,0.635978075686616,-0.19655785569190262,-5.420011590221528,103.38989263429856,0.7863174680177372,0.9877726626252403,True
CCCN1CCN(c2ncc(C(=O)Nc3ccc(OCC)cc3)c(N)n2)CC1,0.514313310832885,-0.2887722356507848,-7.5709844773157124,101.43729192327716,0.9035097359684663,0.9944129704537401,True
CCCNC(=O)N1CCCC(c2nnc(C(=O)Nc3ccc(F)cc3)s2)C1,2.05867998604141,0.3135888424423312,3.7714216209076517,100.53779025802241,0.972958769602703,0.9683376331205215,True
CCCNc1nc(-c2cccc(OC)c2)no1,1.2295151094918928,0.0897338701456048,-7.917355963777256,102.68276553476106,0.8221891087631406,0.9942333000326097,True
CCCOc1ccc(-c2cn3ccccc3n2)cc1,0.04763481854895953,-1.3220754847622436,-0.8735579839997688,99.78400593503457,1.0597115784788613,0.9807208624718915,True
CCCOc1ccc(C(=O)Nc2cccc(OC)c2)cc1,1.4829213013737823,0.1711181036339067,-6.597353748295947,102.00732673629005,0.9502301817365011,0.9775127839905342,True
CCCOc1ccc(C(=O)Nc2nccs2)cc1,0.2788873040451572,-0.554571255933421,-4.718512198771699,97.14120130222129,1.095555523004196,0.9953550080941103,True
CCCc1cc(C(=O)Nc2ccc(F)c(NS(C)(=O)=O)c2)[nH]n1,1.463446385545014,0.16537681635746548,-3.8946693177633085,105.62229166663916,0.7696322757013544,0.9921127457463107,True
CCCc1cc(N2CCN(CCO)CC2)n2ncc(-c3ccccc3)c2n1,0.42068992450796416,-0.376037889178612,-7.325086824151578,96.56845154453255,1.0551846848470474,0.9903255594082936,True
CCCc1ccc(NC(=O)c2nc3nccc(C)n3n2)cc1,1.014540560639147,0.0062694145134124125,-6.912594198118903,104.40792749531845,0.765742671582558,0.9934311712656788,True
CCCc1ccc(OCC(=O)Nc2ccccc2F)cc1,3.3033812287834143,0.5189586966108855,-7.148221046972307,109.08197222998567,0.9286415375637144,0.9810021861722502,True
CCCn1ccc2c(cnc3c(-c4ccccc4)cnn32)c1=O,0.05014598613921897,-1.2997638237074174,11.146302480000001,99.00999198796775,1.2514914187662527,0.9969775131978169,True
CCN(C(=O)c1ccccn1)c1nc2ccccc2s1,1.9314260464827524,0.2858780838402307,-8.984596877760257,107.14589336372838,0.7591597245875004,0.9899842181223512,True
CCN(C(=O)c1ccco1)c1nc2ccccc2s1,0.292961740217428,-0.5331890932888915,-7.083401315101359,100.86992694893775,0.8892317063529317,0.995881497137482,True
CCN(C(C)=O)c1nc(-c2nc3ccccc3n2CC)cs1,0.6298175978933004,-0.20078520879763367,-17.604415875256723,103.72411449046277,0.7802611583732095,0.9926078543778308,True
CCN(C)c1ccc(C(=O)Nc2ccc3ncccc3c2)cc1,0.16678151025400373,-0.7778520978214966,2.9411811293263144,99.96126047917163,1.0978937399089983,0.9978413170556188,True
CCN(CC(=O)NCc1cccs1)C(=O)c1cnn(-c2ccccc2)n1,2.4655272416800917,0.3919098054256564,-4.51760222904314,100.89760696249984,4.999999999999999,0.992426311179542,True
CCN(CC)C(=O)c1ccc(NC(=O)c2cn3c(C)cccc3n2)cc1,0.7246922870550095,-0.13984636088025076,-3.5811294753318066,103.06484564680049,0.8612452992887559,0.9898199139406507,True
CCN(CC)C(=O)c1cccc(NC(=O)c2cc(C)ccc2O)c1,0.6384952028502429,-0.19484236133477856,-3.360650887417178,102.61873641702124,0.8458829255193347,0.9886137010624952,True
CCN(CC)C(=O)c1cccc(NC(=O)c2cc3ccccc3oc2=O)c1,0.06331657422128108,-1.1984825909202654,-5.917062841999999,99.15039331509404,1.0349117108816692,0.9906873912997712,True
CCN(CC)c1ccc(-c2nnc(S[C@H]3CCCCNC3=O)o2)cc1,0.5612550598990838,-0.2508397306632832,-10.628217116618481,102.793841358358,0.8399116950397124,0.991584040912536,True
CCN(CC)c1ccc(C(=O)Nc2cccc(F)c2)cc1,0.14309354640174596,-0.8443799527203932,-12.434065358164451,101.54313290140936,0.7952709849233409,0.9912368284751416,True
CCN(CC)c1ccc(NC(=O)c2cn3c(C)cccc3n2)cn1,0.2559408678079451,-0.5918603618409188,-4.383380651950572,100.03671830411277,0.8994617922937924,0.9873696208253142,True
CCN(CC)c1ccc2cc(-c3csc(C)n3)c(=O)oc2c1,0.08218208479644416,-1.0852228457450261,9.554477716000253,99.53477827751259,1.2331102452160863,0.9964843489936064,True
CCN(CC)c1ccc2cc(-c3nc4ccccc4[nH]3)c(=O)oc2c1,0.02408458857918183,-1.6182607680465444,-3.2804232793606434,99.30059406133849,1.5555382806541942,0.9449281069233169,True
CCN(c1ccc(C(=O)Nc2ccccc2O)cc1)C(C)C,0.11861715241169023,-0.9258525060886721,-12.051304270022944,100.73063994111125,0.8936726590880507,0.9959143002689245,True
CCN(c1ccc(NC(=O)Nc2ccc3c(c2)OCO3)cc1)C(C)C,3.265238052245937,0.5139148490132639,5.733227668261737,99.36465375639958,1.2065237818835,0.9845388290728165,True
CCNC(=O)c1cccc(NC(=O)c2ccc(CC)cc2)c1,2.163805258208627,0.3352181718267917,-1.5006278326027722,101.44679431164727,0.9611564493484993,0.9813190860989954,True
CCOC(=O)c1sc(NC(=O)c2sccc2C)cc1C,0.1849276025616381,-0.7329982605795233,-7.670653150934971,99.54521820992298,0.9555160404490257,0.9912506518580096,True
CCOc1ccc(C(=O)Nc2cc(-c3ccsc3)no2)cc1,0.15200725962243333,-0.8181356703534141,-10.234315948999997,99.69970365292288,0.8642334509138231,0.9918336355821333,True
CCOc1ccc(C(=O)Nc2ccccc2F)cc1,1.1457769922705592,0.05910009716803617,-12.775389648214132,106.23786489404641,0.694421936400996,0.9838345412883158,True
CCOc1ccc(C(=O)Nc2onc3c2CCCC3)cc1,0.049098162946422434,-1.3089347571063012,21.73782613820671,100.32032089299378,1.1826032268219282,0.9910633867428255,True
CCOc1ccc(NC(=O)c2ncccc2O)cc1,0.10627352862929411,-0.9735748991823118,8.830134342471093,99.4217935145359,1.2447141431026227,0.987957315549581,True
CCOc1ccc2nc(NC(=O)CN3C(=O)CN(C)C(=O)c4ccccc43)sc2c1,0.7082669552397598,-0.1498030200847184,-2.8580762386981498,101.64679522104785,0.8667804571676425,0.9917749051445033,True
CCS(=O)(=O)N1CCCC(C(=O)Nc2ccc3c(c2)OCCO3)C1,3.661229010884785,0.5636268949708305,2.850831112608064,99.72916432451464,1.2477043179462524,0.9898710798984269,True
CCc1ccc(-c2cc3c(=O)[nH]ccn3n2)cc1,0.19450728146489604,-0.7110641360306501,-9.211493994322376,99.94022848346142,0.8876820463629135,0.9874178119219057,True
CCc1ccc(-n2nc3ccc(NC(C)=O)cc3n2)cc1,0.15669184742150527,-0.8049535990129674,-2.3866157158133112,97.76664667581345,0.9931868351895637,0.9880638332285978,True
CCc1ccc(C(=O)Nc2ccc3c(c2)OCCO3)cc1,0.07000300317429872,-1.154883328070759,-7.258500999999981,99.52471149189549,1.0339763520869942,0.9952779619983547,True
CCc1ccc(C(=O)Nc2cccc(C(C)=O)c2)cc1,1.1000377916812547,0.041407605555224054,-11.95514998453998,107.39456842089388,0.6720812684100718,0.9938440253247327,True
CCc1ccc(C(=O)Nc2cccc(OC)c2)cc1,0.1813852349222127,-0.7413980681733371,-8.715200742029651,100.69994785458772,0.8813445358647414,0.9975585363803399,True
CCc1ccc(C2=NN=C(NC3CC3)SC2)cc1,0.03843892068072641,-1.4152288153059256,32.215199070000004,99.405103700064,1.4263185113749777,0.9944910110794889,True
CCc1ccc(C2CC(c3ccco3)=NN2S(C)(=O)=O)cc1,0.3495423589559832,-0.45650018716828256,-6.285674226164418,99.60482275863136,0.9058473317453735,0.992909369079936,True
CCc1ccc(NC(=O)c2ccc3c(c2)OCCCO3)cc1,0.04182152454084244,-1.3786001396769496,21.686033570000003,99.2877100585029,1.4112431400732746,0.9939150984244269,True
CCc1ccc(Nc2nc3ccccc3[nH]2)cc1,2.812244977380382,0.4490531498080948,4.849865165563883,101.42681975814514,0.9494527322900946,0.9772061715713309,True
CCc1ccc(OCC(=O)Nc2cccc(N3CCCC3=O)c2)cc1,1.4040603880598694,0.147385787022545,3.862351056896975,97.50097155846959,1.0783453652484016,0.9923055435350542,True
CCc1ccc(OCC(=O)Nc2nonc2C)cc1,1.328812241479188,0.12346362033314338,-5.931560421349761,102.99473216607926,0.842615202379756,0.9908526952431436,True
CCc1ccc(OCC(=O)c2ccc(O)cc2O)cc1,0.8065644340305188,-0.09336093239638567,-2.5124295722246703,101.18826156313132,0.8811692346349302,0.9871926566279224,True
CCc1csc(NC(=O)c2ccc3c(c2)nc(C)n3C)n1,0.05387428109696499,-1.2686185120554205,21.653317210023893,99.49528420710827,1.303936431562202,0.9942113591966683,True
CCc1nc2c(C)cc(N3CCN(CC(=O)N4CC(O)C4)CC3)cn2c1N(C)c1nc(-c2ccc(F)cc2)c(C#N)s1,9.319684402934591,0.9694012058749378,-0.03926611517183136,-178.04513951804964,2.9576282421712357,0.993858785415113,True
CCc1nc2cc(NC(=O)Nc3cccnc3OC)ccc2o1,0.3288569280588955,-0.48299300438689047,-9.602095997757388,101.79543744719189,0.8416101665247945,0.9921007229828451,True
CCc1nc2ccccc2n1CC(=O)Nc1cc(C)ccn1,0.1778812701545708,-0.7498697781484918,-11.993087647416187,102.05115824917908,0.7783715448871786,0.997418667267196,True
CCc1nonc1NC(=O)c1ccc(C(C)(C)C)cc1,0.30965060187646587,-0.5091280715033559,-0.04364665088683504,100.64795820449633,0.9075636987288151,0.9933488546611114,True
CCn1c(C)cc(C(=O)Nc2ccc(N3CCCS3(=O)=O)cc2)c1C,0.9092127460939985,-0.04133448460623069,-1.3766561192691567,104.04061928346424,0.8805399774933137,0.9843955106046373,True
CCn1c(C)cc(C(=O)Nc2ccc(N3CCOC3=O)c(OC)c2)c1C,0.437409615128671,-0.35911167454157306,-5.719692617456796,101.53102402095566,0.8895177041900891,0.9941740642375343,True
CCn1c(C)cc(C(=O)Nc2ccc3c(c2)CCN3)c1C.Cl,0.4507250229272689,-0.34608833050774984,-8.485161003354483,102.2316673466432,0.8984556308946678,0.9950669967870552,True
CN(C(=O)c1csc(Cc2ccccc2)n1)c1nccs1,1.5823219159844297,0.19929484332931743,5.07032597343214,101.45913203988296,1.0842373130947969,0.9657121574395238,True
CN(C)/C=C/C=C/C=C/C1=[N+](C)c2ccccc2C1(C)C.F[B-](F)(F)F,1.742770543725675,0.24124021088874092,-4.188410056129437,102.87067695947124,0.871741563006567,0.9864298610430382,True
CN(C)C(=O)c1ccc(NC(=O)c2cc(Cl)ccn2)cc1,0.8262765083188566,-0.08287459439655051,-11.434608483443409,103.0095348780053,0.7951655214416166,0.9943849495421507,True
CN(C)Cc1ccc(C(=O)Nc2nc3c(s2)CCCC3)cc1,0.05856459137885696,-1.2323648825586793,-6.610723627,99.03660632292457,1.3052032113318506,0.9947846991123546,True
CN(C)S(=O)(=O)c1ccc(F)c(C(=O)Nc2ccc3c(c2)OCCO3)c1,2.1231495772152678,0.32698059156161796,-2.484863867154539,102.37960645777318,0.8596617051243689,0.9852561205880537,True
CN(C)S(=O)(=O)c1cccc(C(=O)Nc2cnc3ccccc3c2)c1,0.13215436022651963,-0.8789185034283856,-4.505914355948181,100.43902108481672,0.9037730547505192,0.9971821085704895,True
CN(C)S(=O)(=O)c1cccc(C(=O)Nc2nc3ccccc3s2)c1,0.2521258668921245,-0.5983825955285332,-15.712830196649362,102.99728907114692,0.695255947433979,0.9863659712914283,True
CN(C)S(=O)(=O)c1ccccc1NC(=O)c1ccn(-c2ccccc2)n1,1.084133637239123,0.03508281941483935,-0.28917804220662696,100.39102099757713,1.1217595555939663,0.9892374906028045,True
CN(C)c1ccc(-c2nc(-c3ccccc3)no2)cc1,0.03348917864345413,-1.4750955038483045,25.768271780000006,99.13020687393718,1.728033348624888,0.9960054605364503,True
CN(C)c1ccc(-c2nc3ccccc3s2)cc1,0.023101772443141017,-1.6363546983439794,84.67469127009899,100.04941600100048,2.167774537678368,0.9946111599488318,True
CN(C)c1ccc(C(=O)Nc2cc(-c3ccsc3)no2)cc1,0.06880805615480844,-1.1623607109105427,-16.659836065999553,97.95313026972596,0.9318100077526795,0.9857735473520362,True
CN(C)c1ccc(C(=O)n2nnc3ccccc32)cc1,0.0585591118752417,-1.2324055185378926,16.363970503725096,99.47187992527226,1.2558049339914699,0.9840961750291523,True
CN(C)c1ccc(NC(=O)C2=Cc3ccccc3OC2)cn1,0.5760734106477161,-0.2395221696883613,-3.8580603190361638,99.11432317431489,1.0446529250618766,0.9936712340094767,True
CN(C)c1cccc(C(=O)Nc2cc(-c3ccccn3)no2)c1,0.053425593857904435,-1.2722506416902848,2.2977470100023347,99.52486357353524,1.0956796819975214,0.9919430177326697,True
CN(C)c1cccc(C(=O)Nc2ccc3c(c2)OCCCO3)c1,0.12719353009324597,-0.8955349792242729,-6.189952695096026,100.4855185280752,0.9272409097301813,0.9987255551428945,True
CN(C)c1ccnc(N2CCC[C@H](c3nccs3)C2)n1,0.1413916155474305,-0.8495763432226191,-14.314046206999999,101.0800623231302,0.8715699071374641,0.9959493680016933,True
CN(C)n1ccc2c(cnc3c(-c4ccccc4)cnn32)c1=O,0.022297715070957454,-1.6517396384279355,50.74001181000519,99.40726108690353,1.7288278290282084,0.9857018515511604,True
CN(CC(N)=O)C(=O)c1ccc2[nH]c(-c3ccc(Cl)cc3)nc2c1,0.20740492917688982,-0.683180926399797,-3.7639403946559287,99.20777207128474,1.1103061653878405,0.9956375498732881,True
CN(CCCc1cc(-c2ccccc2)n(C)n1)S(C)(=O)=O,0.83073980411058,-0.08053498022762777,-7.432897322939634,102.49602625235622,0.7867065945194834,0.9848505754106497,True
CN(Cc1cnn(-c2ccccc2)n1)c1ncccc1C#N,2.053039007386474,0.3123972009691126,-5.83782892838429,102.44055810120793,1.0122651879059745,0.9880043512983153,True
CN(Cc1nnsc1Cl)[C@H]1CCCN(c2cccnn2)C1,3.146574834322282,0.4978380649399319,5.467006750473438,102.08207563080026,1.5157139403057234,0.9849282948538659,True
CN(c1ccc(C2=NN=C(NC3CC3)SC2)cc1)S(C)(=O)=O,0.16134715991446175,-0.7922386747864659,-5.23405871978752,99.57917346662494,1.0891472015646417,0.9917200354762927,True
CN1CCN(C(=O)c2cccc(NC(=O)Nc3ccc(Cl)cc3)c2)CC1,1.0364833983814545,0.01556235028027347,-3.451416406878954,104.89172093168779,0.7174210646323658,0.9791966610581557,True
CN1CCN(c2ccc(NC(=O)c3ccc4ccccc4c3O)cn2)CC1,0.5409192007838368,-0.2668676023137732,4.647004059353332,99.5688990045884,1.0718879916694781,0.9913749429084969,True
CN1CCN(c2ccc3nc(-c4c(N)c5c(F)cccc5[nH]c4=O)[nH]c3c2)CC1,0.3775235231459083,-0.4230559826992051,-14.101296356837391,100.65902198306172,0.8985372725268088,0.9899392151619648,True
CN1CCOc2ccc(C(=O)Nc3cccc(-c4cnco4)c3)cc21,0.6182021408718119,-0.20886949528176527,-2.995564298683092,102.46746853015732,0.8924209800915746,0.9965460146483813,True
CN1CCc2ccc(NC(=O)N3CC[C@H](C4CC4)C3)cc2C1=O,0.7682254603626693,-0.11451130363819068,-13.539449596140736,101.62991816566742,0.7895572668596481,0.994218018830696,True
CNC(=O)COc1ccc(-c2noc(-c3ccccc3)n2)cc1OC,0.5501079888048991,-0.25955204807206256,-4.534648279223589,96.28591891928752,1.0308946338648302,0.9900348921013437,True
CNC(=O)c1ccccc1Sc1ccc2c(/C=C/c3ccccn3)n[nH]c2c1,0.23900956386039013,-0.6215847206054558,0.5035490557482121,99.12276051955678,1.0661748094445,0.9839830261271613,True
COCCN(C)c1ccc(CNc2ccc3occc3c2)cn1,3.9979550397939656,0.6018379058203227,-0.3952753036044083,106.81750372999998,0.8173792107477437,0.9822156173085819,True
COCCNc1ncnc2c1cnn2-c1ccc(C)c(C)c1,1.3458426145441291,0.12899427561496593,-6.805711525226933,100.16177901072298,0.8754293842824361,0.9771167130420163,True
COCCNc1ncnc2c1cnn2-c1ccc(C)cc1,1.317195224913502,0.11965014764154366,8.590604413446695,96.8176060760337,1.0731197608390848,0.9822496116593566,True
COCCn1ccc2cc(C(=O)NCCc3nnc4ccccn34)ccc21,0.36915490427320047,-0.432791357541826,-2.0484460953107524,100.29168214425222,0.9488247392198862,0.9813507646982346,True
COCc1n[nH]c(-c2ccc(NC(=O)CCN3C(=O)CC4(CCCC4)C3=O)cc2)n1,2.82439436577964,0.4509253364747554,-2.075359743815536,100.983399668243,1.178120766303679,0.9869283603278876,True
COCc1nn2c(ncc3c(=O)n(N(C)C)ccc32)c1-c1ccccc1,0.15102480070047616,-0.8209517287138117,-13.784758990999968,99.62355707486137,0.9229793943011412,0.9941867315212507,True
CON(C)C(=O)c1cnc(-c2ccc(C)cc2C)s1,0.10865933307565374,-0.963932964887171,-4.266202925163993,99.84999730321017,1.0489429518809699,0.9966586771692536,True
CO[C@@H]1C[C@@H]2CC[C@H](C1)N2Cc1cnc(-c2cccc(C)c2)nc1,1.2056174723897026,0.08120953335721207,-11.791594482634245,104.24438516151707,0.7359890603770551,0.9933142634601181,True
CO[C@H]1C[C@@H]2CC[C@@H](C)[C@@](O)(O2)C(=O)C(=O)N2CCCC[C@H]2C(=O)O[C@H]([C@H](C)C[C@@H]2CC[C@@H](O)[C@H](OC)C2)CC(=O)[C@H](C)/C=C(\C)[C@@H](O)[C@@H](OC)C(=O)[C@H](C)C[C@H](C)/C=C/C=C/C=C/1C,2.2047736815106758,0.3433640160643853,4.165762187187167,-89.99785057160662,4.999873385775641,0.8780429641976778,True
COc1c(O)cc2oc(-c3ccc(O)cc3)cc(=O)c2c1O,0.39613815956993964,-0.4021533204524965,-4.950303254082165,99.46511463696038,1.1648017622934996,0.9948734883085167,True
COc1cc(NC(=O)c2ccc(C)cc2O)cc(OC)c1,0.2170467486074225,-0.6634467155724884,4.696604141389583,98.70134904072715,1.2262931568874875,0.996671080786582,True
COc1cc(Nc2nc(N)c3ccccc3n2)cc(OC)c1,0.5129543867670296,-0.28992125176170047,-1.9042111158776551,99.1569695144773,1.083876222206247,0.9850102116450872,True
COc1cc(SC)ccc1C(=O)Nc1cccc(C)c1,2.4684047872326182,0.3924163800153571,-1.1924923105280179,105.2030013227596,0.8201925723811272,0.9844837487054519,True
COc1cc(SC)ccc1C(=O)Nc1nc(C)cs1,0.02052610195012693,-1.6876935183491737,54.301682550001026,99.7904743573868,1.8447376474668493,0.987766210358852,True
COc1cc(SC)ccc1C(=O)Nc1nccs1,0.11291193353335993,-0.9472601555612761,-14.506986813999513,100.35387248389169,0.8635746153067672,0.9956825512379877,True
COc1cc2c(cc1C(=O)Nc1ccc(C(C)=O)cc1)OCCCO2,0.18843051595288962,-0.7248487627068854,-0.609289931660467,98.9355403694865,1.0076128465556802,0.9945865006228923,True
COc1cc2c(cc1C(=O)Nc1ccccc1F)OCCCO2,0.2591943743733437,-0.5863744287471526,4.586298215708611,98.39632201536179,1.1519235837509845,0.9909549833565573,True
COc1ccc(-c2cc(=O)c3cc(OC)ccc3o2)cc1,0.1356496676461118,-0.8675812659616295,3.9034246959390706,97.20420239747827,1.1341788104736785,0.9860142053783333,True
COc1ccc(-c2cc(C(=O)N3CCCCC3)no2)cc1,0.22767566574612105,-0.6426833848303273,-2.9526646263274863,100.22062412515243,0.8706695262763491,0.9858400351631612,True
COc1ccc(-c2cn3cc(C)ccc3n2)cc1F,0.058519112576008274,-1.232702268436422,-0.6340938075298135,99.31122687055965,1.1277729112251718,0.9880630815281234,True
COc1ccc(-c2cn3cc(N)ccc3n2)cc1,0.41261077439904603,-0.3844594355946733,-8.35143708203267,99.81159176741645,0.9797684261636963,0.988676577003188,True
COc1ccc(-c2nc(-c3ccccc3OCC(=O)N3CCCC3)no2)cc1,1.0592792522444237,0.02501046598237035,2.4044967455605186,100.61306116549481,1.060657468347912,0.9944173178684509,True
COc1ccc(-c2nc(-c3nc(C)cs3)no2)c(F)c1,0.15560138631657353,-0.8079865380214198,-3.846203807046664,100.77010118314405,0.8605067545090176,0.9966169147374742,True
COc1ccc(-c2nc3ccccn3c2C)cc1,0.8894590127780897,-0.05087405987284028,-2.8609251876033652,98.61609506625234,1.081548791306778,0.983445290677929,True
COc1ccc(-c2noc(-c3ccc(N(C)CCO)nc3)n2)cc1,0.23296395312344895,-0.6327112728395248,-3.229198776653688,97.89018140664258,1.0820385852760281,0.9940557180197416,True
COc1ccc(/C=C/C(=O)Nc2ccccc2C(=O)O)cc1OC,2.294156026781838,0.36062295117033993,0.1688205115437557,101.33012333824594,1.0649263638469992,0.9897832106641644,True
COc1ccc(C(=O)Nc2cc(C)ccn2)cn1,1.0467621343846458,0.019848004066012507,-5.6345590135260615,99.99535838843448,0.9194909473574523,0.9894285928975323,True
COc1ccc(C(=O)Nc2cc(Cl)c(N)c(Cl)c2)c(O)c1,0.6946904554338149,-0.15820866799033734,-4.038799769354507,99.7540133048269,1.09650539748718,0.9879342516549774,True
COc1ccc(C(=O)Nc2ccc(C)cn2)c(OC)c1,0.038408264304998836,-1.4155753184477746,25.77538934,99.27289461966389,1.3659663462405234,0.9964669663450563,True
COc1ccc(C(=O)Nc2ccc(OC(C)C)cc2)cc1OC,0.9239866599033729,-0.03433429887965,-0.1479141473335103,96.07954702265467,1.014153109564664,0.9884146138184577,True
COc1ccc(C(=O)Nc2ccc3[nH]ccc3c2)c(OC)c1,0.538183403839197,-0.2690696988654423,-4.490339803195211,100.01327482588705,1.0161802761125596,0.995257110974944,True
COc1ccc(C(=O)Nc2cccc(C)n2)c(F)c1,0.7337855306543656,-0.13443085624717546,-13.156563669259402,100.90645543564005,0.8616008261216519,0.9938276990686282,True
COc1ccc(C(=O)Nc2nc(C3CC3)cs2)cn1,0.8142219931443683,-0.08925717096639733,-7.099730457953319,103.74541614237953,0.8188547783226929,0.9867515759043851,True
COc1ccc(C(=O)n2nc(N)c3ccccc32)cc1,0.5923457607310715,-0.2274247153325168,-13.340570381866078,99.71236674518128,0.9272406426161326,0.9915557408512907,True
COc1ccc(C2=NN=C(NC3CC3)SC2)cc1,0.05247659110215695,-1.2800343846386337,-1.9955871540000005,98.96111208966495,1.222397698378025,0.995577358431195,True
COc1ccc(CCC(=O)Nc2cc(C)ccn2)cc1OC,0.3083438700262604,-0.5109646810636274,-1.749664380235599,98.35674066226878,1.2682452418368557,0.9908787813872052,True
COc1ccc(CNC(=O)Cc2noc3ccccc23)cc1,2.1443237252029426,0.33129035072981555,-8.045815542888517,105.95416640165648,0.8572777887370111,0.9786229211005425,True
COc1ccc(F)c(-c2cc(N3CCCCC3)ncn2)c1,0.13828461682743476,-0.8592261293523129,-7.954509319812225,101.46973364018558,0.8099082376091921,0.9892764439146949,True
COc1ccc(F)c(NC(=O)c2cc(-n3cccn3)ccn2)c1,0.3592020025881677,-0.44466125076150836,-0.42254960544278564,97.6983778510173,1.0140889484611117,0.9939351686890379,True
COc1ccc(NC(=O)c2cc(-c3ccccc3O)no2)cc1,1.6358122852440669,0.2137334654966511,-6.608965919760654,101.17265798716733,0.890504802341852,0.9759121294794082,True
COc1ccc(NC(=O)c2cc3ccccc3cc2O)cn1,0.3876991789510802,-0.4115051187178166,-7.8125144306402285,99.96617719974105,0.9564023685353806,0.9942071478304085,True
COc1ccc(NC(=O)c2cc3ccccc3oc2=O)cc1O,0.05588371677998268,-1.2527147170289197,-2.494331065999751,99.02933243938266,1.0797219396865279,0.9909990124753336,True
COc1ccc(NC(=O)c2ccc(CN(C)OC)cc2)cc1,0.9685209002180568,-0.013891002976429583,-4.704379595655751,102.25572409792979,0.910997950826683,0.9807113264962366,True
COc1ccc(NC(=O)c2ccccc2N)cc1,1.573265507678093,0.19680202128132512,-2.9233422005753797,101.98058109285755,0.8747926529103743,0.9909317874689898,True
COc1ccc(NC(=O)c2nnn(-c3ccccc3)c2C)cc1,0.5405534925607197,-0.26716132229453227,-1.7489346743132967,99.9049553414656,0.9221463332817709,0.98597612325497,True
COc1ccc(NC(=O)c2oc3ccccc3c2N)cc1,0.9567400291842029,-0.01920605514772229,4.167809208850083,97.15700797835801,1.0637073048505643,0.9887803180881007,True
COc1ccc(NC(C)=O)cc1NC(=O)c1ccc2ncsc2c1,0.6885198364447708,-0.162083543084029,-3.140188760264968,101.74449508395179,0.9180277189872789,0.9845414000859565,True
COc1ccc(Nc2nccc(-c3ccco3)n2)cc1,0.07845728225328943,-1.1053667398317966,-10.098081952690219,99.81081929062128,0.9105229122714649,0.9897517530854101,True
COc1ccc(Nc2ncnc3c2c(C)c(C)n3CCO)cc1,1.8771349432095992,0.2734954942434835,-1.7914311618306904,105.19239855680594,0.8122947100873621,0.9802172284130585,True
COc1ccc(OC)c(C(=O)Nc2nc3ccccc3[nH]2)c1,0.034831245139140786,-1.4580310002074972,94.95572331972235,100.05644884234907,2.0518373957831284,0.8641876116044265,True
COc1ccc(OCC(=O)Nc2nccs2)cc1,0.5203120287124882,-0.28373613385204605,-4.70486748539512,102.10545720428969,0.927021208197225,0.98304241561162,True
COc1ccc(OCc2ccc3ccccc3n2)c(N)c1,0.8198378089447973,-0.08627205694235697,6.3274259481816335,101.38092840652868,0.9728055864896823,0.9777061469850805,True
COc1ccc2[nH]c(C(=O)Nc3ccccc3)cc2c1,0.5405564807980155,-0.2671589214750039,-7.603750750177677,99.46819130708116,0.993488001991145,0.9965347667462888,True
COc1ccc2c(CC(=O)Nc3sccc3C#N)coc2c1,1.11222728839921,0.0461935462487143,1.5509867807298428,103.06705961057558,0.9614034198074852,0.9933398959632196,True
COc1ccc2cc(C(=O)Nc3nc4ccccc4[nH]3)[nH]c2c1,1.526821003927463,0.18378812575115852,0.20863008741069433,97.45925791001127,1.1228231288785915,0.9904004746159029,True
COc1ccc2nc(NC(=O)Nc3ccccc3)sc2c1,0.1270174812385317,-0.8961365035875972,11.303066189656228,97.12496978430106,1.0676979921008136,0.9944467186206225,True
COc1ccc2nc(NC(=O)c3ccc(N)cc3)sc2c1,0.1255916578523348,-0.901039206689736,-11.067054066295736,100.9673874354332,0.8621391366081713,0.9876044812049148,True
COc1ccc2nc(NC(=O)c3ccc4c(c3)OCO4)sc2c1,0.22768803124042603,-0.6426597981193992,-17.97555980487265,99.76343054182014,0.7851312862772737,0.9954867586642326,True
COc1ccc2nc(NC(=O)c3cccc(NS(C)(=O)=O)c3)sc2c1,0.5791290843599495,-0.23722462387709717,1.6397360481339438,89.77542108311916,1.195182554894565,0.9847624538539106,True
COc1ccc2nc(NC(=O)c3ccoc3C)sc2c1,0.182353353533441,-0.7390862454696064,-0.995848112121207,99.00575455573922,1.0693865486552632,0.994311669328169,True
COc1ccc2oc(-c3ccc(C)c(N)c3)nc2c1,0.05965294385390322,-1.2243681191695253,4.659647580000001,99.33020512559278,1.1707207268874273,0.9921196584938434,True
COc1ccc2oc(-c3ccc(F)cc3)cc(=O)c2c1,0.13693755249063436,-0.8634774386222775,10.989889193931026,97.6242023869933,1.4168782384755993,0.9841478459237734,True
COc1ccc2oc(=O)c(-c3csc(N)n3)cc2c1,1.1215300482844397,0.04981091378996704,-0.2676600000613918,97.79988716159899,1.1057102936996794,0.9938235205558126,True
COc1ccc2oc(C(=O)NCc3nnc4ccccn34)c(C)c2c1,0.8979300799972756,-0.04675747965072654,3.1586617610928633,100.03421264995325,1.1363031062881122,0.9943570417976437,True
COc1cccc(-c2cc(C(=O)N3CCCCCC3)no2)c1,0.5473210114660189,-0.26175787912117027,-8.235144370923736,100.62868598691905,0.8569240480177511,0.984686543676433,True
COc1cccc(-c2cc(C(=O)NC3CC3)no2)c1,2.140867903130926,0.3305898710724943,3.310701596461326,100.09529489425135,1.0574110319134316,0.9731795654780355,True
COc1cccc(-c2cc(C(=O)Nc3cccc(O)c3)no2)c1,0.19946109946851773,-0.7001417913731706,-2.8414246677327633,97.05591234632134,1.0903590051515022,0.9858517788358302,True
COc1cccc(-c2nc(-c3ccccn3)no2)c1OC,0.6180244204217754,-0.20899436399712942,-14.844575737302888,101.55031483409356,0.8285566611500976,0.9906777756150308,True
COc1cccc(-c2nnc(-c3ccccc3)o2)c1,1.074883724226721,0.03136148689541249,-8.609905816172583,103.08154386647246,0.8563721369152469,0.993041727063369,True
COc1cccc(-c2noc(-c3ccc(NCCCO)nc3)n2)c1OC,1.0734676094151117,0.030788944660009816,-3.705292607489533,102.85094641760553,0.8313534057650355,0.9936526341459109,True
COc1cccc(-c2noc(NCCC(C)C)n2)c1,2.866209265417883,0.45730789558624774,-4.129326093265075,106.96108049999998,0.8140575831747108,0.986223639884341,True
COc1cccc(-n2nnc(C(=O)Nc3ccccc3)c2C)c1,0.21973748899069162,-0.6580958426113371,-9.02665082911294,101.53564174953172,0.7956608003237001,0.9956213642128355,True
COc1cccc(C#Cc2cccc(C)n2)c1.Cl,1.0873462308180775,0.03636785337015706,-10.407590711991562,105.67612730083134,0.728800752868675,0.9906978886852246,True
COc1cccc(C(=O)Nc2ccc(-c3cc[nH]n3)cc2)c1OC,1.7119659021692142,0.23349511043037083,-6.352852470747439,99.19739175977404,0.8986061386326784,0.984400412378215,True
COc1cccc(C(=O)Nc2ccc(C(C)C)cc2)c1,0.5200902180062157,-0.28392131447333846,-2.7641481073351652,99.74858446902384,0.9777914636934085,0.977191056025631,True
COc1cccc(C(=O)Nc2ccc(I)cc2)c1,0.4980779571207758,-0.302702677927609,0.6265355396434034,99.96981763747947,1.0127473915105794,0.9949807330370051,True
COc1cccc(C(=O)Nc2ccc3c(c2)OCO3)c1,0.6335482931057351,-0.1982202748137681,-4.007941258628167,99.86677741449367,0.8951950189397203,0.9860272594664414,True
COc1cccc(NC(=O)/C=C/c2ccc(Cl)cc2)c1,0.6648243741512156,-0.17729306659259025,0.8723245589631952,100.71240712211035,0.9165537736002548,0.9821371183906438,True
COc1cccc(NC(=O)COc2ccc(C#N)cc2Cl)c1,1.237216251004585,0.09244561588599459,-2.6264067242352684,98.166125572109,0.9496425250422702,0.984320976932576,True
COc1cccc(NC(=O)c2ccc(C(C)C)cc2)c1,0.20660883825357138,-0.6848511042943486,1.0530431763845634,98.63641908658408,1.1574677746670219,0.9971071351892785,True
COc1cccc(NC(=O)c2ccc(OC(C)C)cc2)c1,0.3330751192693516,-0.47745780792006426,-7.757122380957518,100.78717502320694,0.8074185336092884,0.9931895646343065,True
COc1cccc2c(C(=O)Nc3ccc(C)c(C(=O)N4CCOCC4)c3)n[nH]c12,1.3828349737614223,0.14077035490242115,0.6387200169436358,100.28790330713849,0.897064083377314,0.9948289414733735,True
COc1cccc2c(O)c(C(=O)Nc3ccc(CCO)cc3)cnc12,0.7183236798270661,-0.1436798166396274,-4.844861503065597,101.45788099362473,0.8415262050326947,0.9902822492405734,True
COc1cccc2cc(-c3ccc(O)cc3)c(=O)oc12,1.1410073733865298,0.05728845091316304,-7.642140422222255,104.70415970850122,0.7560414253059695,0.9765147019836631,True
COc1ccccc1-c1nc2cc3c(cc2[nH]1)OCCO3,1.2814194136220023,0.10769129930703741,-1.9369597092660542,105.28453943646579,0.7866047159698192,0.9855671569923763,True
COc1ccccc1-c1nnc(-c2ccccc2O)o1,1.6524178836590353,0.21811988657833592,-5.361224726201917,105.82106764410898,0.8076778838873292,0.9904100396289716,True
COc1ccccc1-n1cc(C(=O)NCC(=O)N2CCN(c3ccccc3)CC2)c2ccccc2c1=O,4.592431749537955,0.662042710754807,7.638510655962078,99.9858055957178,1.2824130251237664,0.9764538258221727,True
COc1ccccc1C(=O)Nc1nc(C)ns1,1.0558049845898707,0.023583708029369776,-0.8579005341068047,103.82702640453793,0.7800448327762592,0.9956014211730084,True
COc1ccccc1C(=O)Nc1nc2ccccc2[nH]1,0.01710566879269104,-1.7668599412218502,72.50664486000001,99.88341150060265,1.597003845132858,0.9961211524607531,True
COc1ccccc1CCN1C(=O)c2ccccc2S1(=O)=O,1.264845876475348,0.10203760924765395,-3.3317694172392955,97.57333551868585,1.029106204586857,0.9824058555722097,True
COc1ccccc1NC(=O)Nc1nc2c(s1)CCCC2,0.33817359487101906,-0.47086030581427635,-10.04912914051888,99.91090944841125,0.9703478023088522,0.988622764221666,True
COc1ccccc1NC1=NN=C(c2cc(C)[nH]c2C)CS1,0.320087646158562,-0.494731087207636,-12.938856150794079,102.80791696215393,0.9180266345941818,0.9921993476245213,True
COc1ccccc1OCC(=O)Nc1cccc(F)c1,2.112099054945143,0.3247142822364406,-4.8740916901980125,107.30948738999997,0.7423967590271416,0.994139146008663,True
COc1ccnc(C(=O)Nc2ccc(OCC(=O)N3CCOCC3)cc2)c1,0.6511426512306495,-0.18632385650773411,-9.21042840852542,106.09860542584146,0.6969667109000904,0.9903330786889513,True
COc1ccnc(NC(=O)c2cccc3ncccc23)c1,0.7203638328014967,-0.14244809986282375,-3.294584310634809,99.99347886717145,0.9209953784731884,0.9799863936334516,True
COc1ccsc1C(=O)Nc1ncc(Cl)s1,0.48169617510841806,-0.31722680217197446,-20.390552807905262,101.89914457377053,0.7053089901098414,0.9928742263424712,True
CS(=O)(=O)Cc1cccc(C(=O)Nc2ccc3ncccc3c2)c1,1.2299905197400716,0.08990176408944606,-5.510190947188331,101.08955376231143,0.9476359651350966,0.9916838184549984,True
CS(=O)(=O)N1CCCc2cc(C(=O)n3nc(N)c4ccccc43)ccc21,0.23022260498362088,-0.6378520363201708,-3.9523736328700583,99.82009330391686,0.9971177232747318,0.9939185432685088,True
CS(=O)(=O)N1CCc2cc(C(=O)NCCOc3ccccc3)ccc21,0.9709371642471557,-0.012808875245177695,-9.286656922818114,99.32947666639677,0.8679976882474929,0.9447341809369424,True
CS(=O)(=O)N1CCc2ccc(C(=O)Nc3ccc4c(c3)OCCO4)cc21,0.08456724252622813,-1.0727978301651167,-8.350808600999978,100.1544848046799,0.8935963230173258,0.990335062776204,True
CS(=O)(=O)Nc1ccc(-c2cn3ccccc3n2)cc1,1.5096692992087317,0.1788818232811323,-0.5839266236822959,104.62227748463829,0.8100812813448686,0.9826198558559721,True
CS(=O)(=O)Nc1ccc(-c2csc(-c3ccoc3)n2)cc1,1.2662315932700823,0.1025131452395429,-3.6293901254596332,104.79688309183672,0.8200887358277925,0.9957196961879243,True
CS(=O)(=O)c1ccc2nc(NC(=O)c3ccco3)sc2c1,1.293985764561403,0.11192949858427598,2.636380869013398,97.82843128021698,1.172539007438563,0.9920491089230127,True
CS(=O)(=O)c1cccc(C(=O)Nc2nc3cc4c(cc3s2)OCCO4)c1,3.107797910130117,0.49245277030620593,0.14019163389486028,101.53990055895255,0.8600751338813053,0.9905687362084715,True
CSc1[nH]c(=O)c(C(=O)Nc2ccc(-n3ccnc3C)c(F)c2)cc1C#N,0.11549835848805018,-0.9374241881064497,-9.440730765723421,98.2565511236651,1.2213302567116409,0.9939672917118441,True
CSc1ccc(C=NNc2cccc(C(=O)O)c2)cc1,0.021191661844074103,-1.6738349847044245,38.341096670000006,99.72539954815237,2.697468601848012,0.9976686232883759,True
C[C@@H](C1CC1)n1cc(NC(=O)c2cnc(N(C)C)cn2)cn1,1.9181410685274156,0.2828805439348077,-1.910582338132381,100.91014434899665,0.8990687906391173,0.972614333276657,True
C[C@@H](Cc1ccccc1F)NC(=O)c1ccc2c(c1)OCO2,0.24092761969760262,-0.6181134100693928,-9.583094658555341,102.81217160988591,0.7457371203789911,0.9934744418962361,True
C[C@H](NC(=O)c1cnc2ccccc2n1)c1ccc2c(c1)OCCO2,0.1413246673597216,-0.8497820280791112,1.1141645705527514,99.91897340854972,1.75883670273254,0.9960902743000222,True
C[C@H](O)CN1CCN(C(=O)CCCOc2ccc(F)cc2F)CC1,2.437270207697453,0.38690367986455587,-0.5760051922922639,104.20011952940186,0.8370279545368005,0.9884417263666171,True
C[C@H](O)CN1CCN(C(=O)CCCOc2ccccc2F)CC1,0.8939584068975998,-0.04868268710461251,-10.51546540819549,102.11816837226107,0.8203689186641869,0.9918957005840479,True
C[C@H](Sc1nnc(-c2ccc3c(c2)OCO3)o1)C(=O)Nc1ccc2c(c1)OCCO2,2.5856717479714253,0.41257339019124295,-4.230689129747268,105.38758329999999,0.7139971334195289,0.9825006365995089,True
C[C@H]1CCCCN1C(=O)c1cn(-c2ccc3c(c2)OCCO3)nn1,0.7644585510512771,-0.11664605706357835,-4.760451699576326,98.18322224757117,0.9356666196556253,0.9900690753515178,True
C[C@H]1CN(c2nc3cc(C(F)(F)F)ccc3s2)CCCO1,1.529301691535993,0.18449316889482695,-6.7362477145815225,106.31228349522294,0.764177937170163,0.9746169636995078,True
C[S@](=O)c1ccc(C(=O)Nc2nc3ccccc3[nH]2)cc1,1.4947558728845822,0.17457026843529275,-1.06730958564198,100.65806622272757,1.0267829005128761,0.9968071167477836,True
Cc1c(C(=O)Nc2ccc3c(c2)OCCO3)cnn1-c1ccccn1,0.9602688522303825,-0.01760715790477275,-11.95133648783251,105.05385387452492,0.697905502000695,0.9938254076180649,True
Cc1c(C(=O)Nc2ccccn2)cnn1-c1ccc(F)cc1,1.6331829987075626,0.21303485030684868,-5.756627530221044,103.0302090133312,0.8441414103974807,0.9807909812603272,True
Cc1c(C(=O)Nc2ccn(C)n2)cnn1-c1ccccc1,0.17334875806688566,-0.7610792654389693,-1.4618728681129423,99.33521232547254,0.9632011495928728,0.9970585182783657,True
Cc1c(C)n(CCCO)c2ncn3nc(-c4ccc(F)cc4)nc3c12,0.15833083038568152,-0.8004345105155048,-6.295762121500933,97.2433457516672,1.0615665791640934,0.997277764810882,True
Cc1c(NC(=O)c2cc(CC(C)C)[nH]n2)cccc1C(=O)N(C)C,0.8733463671513652,-0.05881348194227149,-10.131085214592687,104.33244471639986,0.7304683039905047,0.9874478080767398,True
Cc1c(NCc2ncc([C@H](C)O)s2)cccc1N(C)C,1.1258161076976834,0.0514674580692319,9.925683352003178,98.03201185202893,1.125401380417695,0.9957128259746515,True
Cc1c2c(=O)n(-c3nc4ccccc4s3)[nH]c2cc(=O)n1CCC(C)C,0.057672550416829865,-1.2390308426334178,8.390022680000003,100.19254431496205,1.2879843835847966,0.9994143348513664,True
Cc1c2c(=O)n(-c3nc4ccccc4s3)[nH]c2cc(=O)n1Cc1cccs1,0.08013383847617143,-1.0961840537010774,-9.774265092026598,100.11380155506068,1.30476734000477,0.9944213457550554,True
Cc1cc(-c2ccc(/N=N/c3ccc4c(S(=O)(=O)[O-])cc(S(=O)(=O)[O-])c(N)c4c3O)c(C)c2)ccc1/N=N/c1ccc2c(S(=O)(=O)[O-])cc(S(=O)(=O)[O-])c(N)c2c1O.[Na+].[Na+].[Na+].[Na+],0.7181206529815004,-0.14380258288581,0.7700122169593493,105.87765769605893,0.8908055832813612,0.9797236678564253,True
Cc1cc(=O)oc2cc(NC(=O)c3ccccn3)ccc12,0.1567990060601919,-0.804656694610395,4.3382613357041055,99.54370435430354,1.120723512219427,0.9883323107181902,True
Cc1cc(C(=O)COC(=O)c2ccccc2O)c(C)n1Cc1cccs1,0.033984651716788154,-1.4687171764774,10.711802930000067,99.45355974113856,1.4580340001441123,0.9894737503335268,True
Cc1cc(C)n(-c2ccc(NC(=O)c3ccccc3O)cn2)n1,2.825127531858216,0.45103805751196907,-1.723145151749124,105.61020167708493,0.8601262123667633,0.9948609559603369,True
Cc1cc(C)n(-c2ccc(NC(=O)c3ccccn3)cc2)n1,1.2290700958348113,0.08957665210220818,-10.78346344693527,101.50032812269266,0.8986540890999514,0.9971557624902769,True
Cc1cc(C2=NN=C(NC(C)C)SC2)c(C)s1,0.4474983324146704,-0.34920857872674216,-1.5013894466927316,99.91448166764198,0.9905073213980078,0.9918223325623381,True
Cc1cc(N)nc(SCc2ccn(-c3ccccc3)n2)n1,1.60068587947062,0.20430611380725774,-9.33232069188696,103.80949740192025,0.9141354446325025,0.9922197937601229,True
Cc1cc(NC(=O)c2ccccc2O)ccc1N1CCCC1=O,0.4600160898064348,-0.3372269779011546,5.056252261939348,100.76772746291536,0.9388279501001328,0.9910975274956118,True
Cc1cc(NC(=O)c2coc3ccccc23)ccc1OCCO,0.254376242855129,-0.5945234515091098,-2.8311597629103624,100.49106114352809,0.9063629742468946,0.9915532353466913,True
Cc1cc(NC(=O)c2nccc3ccccc23)sn1,0.13728552394676036,-0.8623752544711046,-19.759516732199717,99.8907435618036,0.9749844044145354,0.9914259455379196,True
Cc1ccc(-c2cc(C(=O)N3CCCC3)no2)cc1,0.21762812330069786,-0.6622849830313043,-7.174086105621155,99.45875053168558,1.0376699447369868,0.9970740121423345,True
Cc1ccc(-c2cc(C(=O)N3CCCCC3)no2)cc1,0.21224682620641203,-0.6731587951775194,1.8512869792839766,98.3318137318488,1.1217687116736266,0.9757435118376901,True
Cc1ccc(-c2cc3c(nn2)-c2ccccc2C3=O)cc1,0.031589009469550254,-1.5004639919692726,34.19136879000441,99.10468951670181,1.7314406500119832,0.9923110212122506,True
Cc1ccc(-c2cn3ccccc3n2)cc1,0.1698407706572236,-0.7699580482142885,-6.090803906425835,100.53656785295259,0.8896679126034095,0.990046484457076,True
Cc1ccc(-c2nc3cc(C#N)ccc3[nH]2)nc1,1.4852398868622019,0.17179660390690105,5.243536621972948,99.79850829971282,0.9531270409962166,0.9838461119124008,True
Cc1ccc(-c2nn3c(NN)cc(C)nc3c2C)cc1,1.5703632275830732,0.19600011705250917,-5.545315898759758,107.45004566410685,0.884922551418196,0.9861301791294874,True
Cc1ccc(-n2nc3oc4cc(O)ccc4cc-3c2=O)cc1,0.8411921201587118,-0.0751048042068509,-3.984437453881028,103.18420978470294,0.8625935112653482,0.9869544935598494,True
Cc1ccc(-n2ncc3c(NCCCO)ncnc32)cc1C,0.3798825239598704,-0.4203506851827626,-10.623625786508587,99.04667200359475,0.9105655330858368,0.9795684006909734,True
Cc1ccc(-n2sc3ccccc3c2=O)cc1,3.50532577686354,0.5447283865022232,11.141636191509473,109.86477349996458,0.9450003981356686,0.9698342144698817,True
Cc1ccc(C(=O)CSc2nnc3ccccn23)cc1,0.8311412731326943,-0.08032515079188948,-6.127549593115704,100.23327075994362,0.8753957163854961,0.9744815203697179,True
Cc1ccc(C(=O)Nc2ccc3c(c2)OC2(CCCC2)O3)o1,0.6538462825512771,-0.18452434110466742,0.6621386650065448,100.8626414262267,0.9840711263567959,0.9902775359467669,True
Cc1ccc(C(=O)Nc2ccc3oc(C)nc3c2)cc1,1.0479708954593168,0.020349221467425953,-6.901946227562216,102.97074556204136,0.8715098746930079,0.9850830353470391,True
Cc1ccc(C(=O)Nc2cccc(C(=O)O)c2)cc1,0.028124583558415094,-1.5509138994448954,33.01817247000073,99.13103224347068,1.7857582308121955,0.9941766433359568,True
Cc1ccc(C(=O)Nc2cccc3ccc(O)cc23)s1,2.0255277920760673,0.30653820647417185,-0.6034006550790201,107.7143894625763,0.8827612958039335,0.969825597524145,True
Cc1ccc(C(=O)Nc2ccccc2Cl)cc1,1.5833288133894754,0.19957111512237602,-7.206497030360855,101.84811873468763,0.9000499140107452,0.9877469208489599,True
Cc1ccc(C(=O)Nc2onc3c2CCCC3)cc1,0.03210188270480377,-1.4934694964321926,22.9154552,99.17430268439263,1.5305395894205214,0.9887733677651417,True
Cc1ccc(NC(=O)C2=C(N(C)C)c3ccccc3S2(=O)=O)cc1,1.0777748090621417,0.032528028570491876,-7.092674271763208,103.05620365479538,0.9061859069549182,0.9904950147045617,True
Cc1ccc(NC(=O)C2=C(N3CCCC3)c3ccccc3S2(=O)=O)cc1,0.8652518393716285,-0.06285746879997241,-0.34209228278436304,105.4438915321474,0.7656009607183488,0.9948871717181244,True
Cc1ccc(NC(=O)COc2ccccc2C#N)cc1,1.4893412181007557,0.17299420894184875,-1.154025446532164,98.29674308158617,1.0723106888629759,0.992390856067565,True
Cc1ccc(NC(=O)N(C)OCc2ccccc2)s1,1.0280960843620681,0.012033705085542124,-5.008981130570113,101.64794016744456,0.9507107849172451,0.9972676444726866,True
Cc1ccc(NC(=O)c2cc(Cl)ccn2)cc1,0.5184709102812899,-0.2852756054441239,2.619511546763512,101.46613635864149,0.8587454570936113,0.9984802194353126,True
Cc1ccc(NC(=O)c2cc3ccccc3oc2=O)c(O)c1,0.03145826801869268,-1.5022651917772778,25.10833639,96.22658673119969,1.66062034651421,0.9704180590429546,True
Cc1ccc(NC(=O)c2ccc(C)c(C)c2)c(O)c1,0.2851571634692987,-0.5449157139750328,-6.404494944972861,95.4796812406515,0.890796130097566,0.9910181856296087,True
Cc1ccc(NC(=O)c2ccc(CN3CCN(C)CC3)cc2)cc1Nc1nc(-c2cccnc2)cs1,0.19809196617536193,-0.7031331373663438,-6.66375177738492,101.2783961686484,0.841557427613131,0.9912078572111281,True
Cc1ccc(NC(=O)c2ccc(I)cc2)nc1,1.0425052806106352,0.018078263486803987,4.147089029669933,102.79858677440987,0.8508781718002065,0.986629998499012,True
Cc1ccc(NC(=O)c2ccc3c(c2)OCCCO3)cc1,0.06904950963766528,-1.1608394012622114,11.67935818195587,99.08431103120255,1.2027499840895026,0.9978044611979551,True
Cc1ccc(NC(=O)c2ccc3c(c2)OCCO3)cc1F,0.16646741243932114,-0.7786707710642268,-8.341554155136155,101.12708276959879,0.8433425457723936,0.994423110818967,True
Cc1ccc(NC(=O)c2ccc3c(c2)OCO3)c(F)c1,0.9370242256482122,-0.028249180799166128,-9.886552003762667,104.56221008886305,0.7788675527810744,0.9938368518091603,True
Cc1ccc(NC(=O)c2cccc(C)c2)nc1,0.8178414406370186,-0.087330887198161,-6.755149082624333,103.41676718807335,0.7384568225644511,0.9866968820205985,True
Cc1ccc(NC(=O)c2cccc(N3CCCC3=O)c2)c(O)c1,1.2927125200249574,0.11150195500546309,-5.216278780715958,108.54980741109024,0.7040173703978501,0.991032188014735,True
Cc1ccc(NC(=O)c2ccccc2C)cc1F,1.3846004814145443,0.14132447827617128,-1.3041856206708329,99.45208232368978,1.0276508174296903,0.9934329390515161,True
Cc1ccc(NC(=O)c2ccccn2)nc1,0.8116835043960038,-0.09061327998162692,5.9183154143861785,99.97493373923302,1.0683129562592983,0.9868904641407895,True
Cc1ccc(NC(=O)n2ncc3ccccc32)cc1,0.09789713223450305,-1.0092300300862647,-7.579216689999999,100.17224239357913,0.941431460318651,0.9982623313334336,True
Cc1ccc(O)c(C(=O)Nc2ccc(-c3coc(C)n3)cc2)c1,0.3033536810060608,-0.5180507307976624,-4.297361061449908,96.34712538096161,0.9197152152744962,0.9903089431234742,True
Cc1ccc(O)c(C(=O)Nc2cnc3ccccc3c2)c1,0.06373643560365039,-1.1956122276672791,-8.271635204999924,99.34366665757294,1.018905254939187,0.9933794741692058,True
Cc1ccc(O)cc1Nc1ccnc(Nc2cccc(C(N)=O)c2)n1,2.0183283085759824,0.30499181155687843,0.5469463676429255,104.07996988754206,0.955924259085187,0.9856531739356538,True
Cc1ccc2[nH]c(-c3ccccc3)nc2c1,0.12370602784347207,-0.9076091379183633,7.140323543948447,99.98461647170255,0.9866931596563899,0.9958889760266625,True
Cc1ccc2[nH]c(SCc3ccccn3)nc2c1,0.2981319176211177,-0.5255915264675526,-4.599547990436542,100.72018539242954,0.8359276310299444,0.9923567919429827,True
Cc1ccc2cc(C(=O)Nc3ncccc3O)[nH]c2c1,0.1443366119636848,-0.8406234931822478,-5.343537996689018,100.41035274543059,0.8954101456827915,0.9859333274158606,True
Cc1ccc2nc(COc3cccc(C(=O)N4CCSCC4)c3)cn2c1,1.8661696893482924,0.2709511312630956,-2.310884456613277,104.18566632720845,0.7691581329673942,0.979206215468413,True
Cc1ccc2nc(COc3cccc(C(=O)NCCC(=O)NC(C)C)c3)cn2c1,0.2848910460191964,-0.545321200200898,-1.9231144460478549,98.41330054448702,1.150258469139811,0.993909001091933,True
Cc1ccc2nc3sc(C(=O)N4CCOCC4)cc3cc2c1,0.45791331347826747,-0.3392167295098818,-7.028281976459974,100.21201947864104,0.8636363713981392,0.9931768525518511,True
Cc1cccc(-c2noc(-c3ccc(N4CCN(C)CC4)nc3)n2)c1,0.11986625170819204,-0.9213030751163774,-3.6817635991301465,99.11094971273532,1.174242631622891,0.9903273957625196,True
Cc1cccc(C#Cc2ccccc2)n1.Cl,1.9549016137166915,0.29112490511033023,5.653284633143324,99.22241106023911,1.0671759221138784,0.9933325633739516,True
Cc1cccc(C(=O)Nc2nc(C)cs2)c1,0.39423199058664776,-0.4042481371049261,-13.239807996731583,102.28136221750155,0.7897163118703979,0.9948660523957112,True
Cc1cccc(C(=O)Nc2nc3ccccc3[nH]2)n1,0.0630712768289583,-1.2001683769635856,-8.438181025999999,98.9965294585058,1.1687743913665007,0.9972011997375104,True
Cc1cccc(NC(=O)COc2ccccc2C#N)c1,0.7181086947609507,-0.1438098148633578,-6.835672558807936,100.81614651833945,0.9205195684689743,0.9833207303612531,True
Cc1cccc(NC(=O)COc2ccccc2Cl)c1,0.40690808423689667,-0.39050368172548683,-6.141218796235116,97.87926570963563,1.0283494150185652,0.9940693684370484,True
Cc1cccc(NC(=O)Nc2nccn(-c3ccccc3)c2=O)c1,0.25057583992177096,-0.6010608052272614,0.2538849146206143,99.51462149946086,1.0663873283965957,0.9951794666045771,True
Cc1cccc2nc(C(=O)Nc3ccc4c(c3)OC3(CCCC3)O4)cn12,0.18424309080736942,-0.7346087893874753,1.6883426539526623,99.22160019493246,1.1619962265520793,0.9919226074637854,True
Cc1ccccc1-c1noc(-c2ccc(NCCCO)nc2)n1,0.2580999475883414,-0.5882120836471285,4.454903326942189,100.43738098599013,0.9035921399245698,0.9928012494207443,True
Cc1ccccc1Oc1ccnc(CNC(=O)c2nccn2C)c1,0.27316038974235524,-0.5635822763064167,-1.6488353347045466,98.77949223088177,1.0750175419028323,0.9934233927404392,True
Cc1ccn(-c2ccc(NC(=O)c3ccccn3)cc2)n1,0.029370026858973074,-1.5320956563134795,26.26694717000001,99.14673800916135,1.5354054243848063,0.9887217301249326,True
Cc1ccnc(NC(=O)c2ccc(-n3cccn3)cc2)c1,0.14127680984812505,-0.8499291203987129,-9.715656654999998,101.46708749375722,0.8327184067625262,0.9936559550626503,True
Cc1ccnc(NC(=O)c2ccc(Cn3cc(Cl)cn3)o2)c1,0.5459383704104036,-0.26285638092413666,-11.85870165820684,102.87134040942678,0.8097636371947059,0.9874689924931126,True
Cc1ccnc(NC(=O)c2cccc(NC(=O)c3cccnc3)c2)c1,0.08727727784272388,-1.0590988077487733,-8.625902501856263,100.34159171927814,0.9243114036105126,0.9913316440797486,True
Cc1ccnc(NC(=O)c2cnn(Cc3ccccc3)c2)c1,0.42238904287550255,-0.3742873562896502,-11.216721848593448,102.51688104254026,0.7930613588884124,0.9845460779702077,True
Cc1ccnn1-c1ccc(C(=O)Nc2cc(N(C)C)ccn2)cc1,1.3511790381510425,0.13071289908075273,-5.141540414037428,99.7823358842152,0.9486528912570469,0.9931239575347446,True
Cc1ccsc1-c1nnc(SCc2ccccn2)o1,1.180884941015407,0.07220758439048353,-9.117663081192243,104.415581131324,0.8350148130737359,0.9933635154034861,True
Cc1cn2cc(-c3ccccc3C)nc2cc1N,0.6394270848303322,-0.19420897184407898,0.07474639442708339,99.4499116550654,0.9842188993295867,0.9911552354447396,True
Cc1cnc(C(=O)NCCSc2ccccc2)cn1,1.2743912528176211,0.10530278188749079,-5.5668611899686145,101.16673896378104,0.959038507753123,0.994278208898383,True
Cc1csc(-c2ccc(C(=O)Nc3ccn(C)n3)cc2)n1,1.3698345838849881,0.13666812654084745,-0.3959019432315152,101.25467134114601,0.9257320565536599,0.9915305638612307,True
Cc1csc(SCC(=O)c2cc(C)n(Cc3cccs3)c2C)n1,0.059333791153273384,-1.226697901378635,6.634113316543295,100.42567643075817,1.024089453985258,0.9851031401476505,True
Cc1nc(-c2ccc(OCC(C)C)c(C#N)c2)sc1C(=O)O,0.035355256180134735,-1.4515460115605463,9.751821490000003,99.00636990047057,1.5604905424481434,0.9935210161729753,True
Cc1nc(NC(=O)c2ccc(N3CCCCC3=O)cc2)sc1C,0.34665976907389456,-0.4600965566216932,0.7850686005535493,98.24781735652061,1.1078101838496692,0.9844572077826929,True
Cc1nc(NC(=O)c2csc3ccccc23)sc1C(=O)N(C)C,0.5746468434622158,-0.24059897453629833,-3.0909937474019005,98.7823899712628,1.0694058945706384,0.990489585233226,True
Cc1nc2cc(C(=O)Nc3ccc(N(C)C)cn3)ccc2n1C,0.29044278210236024,-0.5369394118614184,-6.589366242625489,100.51825505903646,0.8550411893150436,0.994888302080364,True
Cc1nc2cc(C(=O)Nc3nc4ccccc4[nH]3)ccc2n1C,0.02174854428230481,-1.662569806816008,55.68686716000038,99.8699060444481,1.5640538028658595,0.9880725858180854,True
Cc1nc2cc(NC(=O)c3ccc4c(c3)OCCCO4)ccc2o1,0.25279979284663184,-0.597223286266241,-13.877683853541154,101.50910251648278,0.8157973963673463,0.9959276607033198,True
Cc1nc2cc(NC(=O)c3ccc4c(c3)OCO4)ccc2o1,1.1097799104364983,0.0452368588224059,-5.7164535529490905,103.00693676338565,0.8271389137435813,0.9967591030328563,True
Cc1nc2ccc(NC(=O)c3cn4ccccc4n3)cc2s1,0.16759649257004705,-0.7757350744492587,0.23143865719887768,99.16688088224952,1.0593445850031218,0.9969712603732895,True
Cc1nccn1-c1ccc(NC(=O)c2c(O)cccc2F)cn1,2.2700693643566248,0.35603912772046825,-4.423866988596755,102.91101279984923,0.8933605374646066,0.9901913037970731,True
Cc1nn(C)c2ncc(C(=O)Nc3ccc4c(c3)OCCCO4)cc12,1.7236355107987549,0.23644543295931028,-1.5230713843691646,102.0899857725438,0.8575025465018274,0.9897493622946626,True
Cc1nonc1NC(=O)COc1ccc(C(C)(C)C)cc1,0.788474226374966,-0.10321249830980599,-1.745485134159986,99.78331392655265,0.9340712789774115,0.9959017633348846,True
Cc1nonc1NC(=O)COc1ccc(C(C)C)cc1,0.592481880977408,-0.22732492651929484,-4.7333823941238355,98.64913723278565,1.0062998180247016,0.9876271450474734,True
Cc1occc1C(=O)Nc1ccc(N2CCCC2)cn1,0.05562621975711448,-1.2547204528114415,-0.9670823959999977,99.3386637318042,1.2626866806341182,0.9934671463699527,True
Cc1sc(-c2ccno2)cc1S(=O)(=O)NCC(CO)Cc1ccco1,1.6109225939275023,0.20707467273591526,5.0625801565672095,101.71351724555781,1.6340824967479812,0.9725800410672899,True
Cl.O=C(c1c[nH]c(-c2ccccn2)c1)c1ccccc1O,1.205299225866756,0.08109487762505564,-3.4091718205857013,104.26276226984777,0.901594579732114,0.9962314280948203,True
Cl.c1cc2c(cc1C1=NN=C(NC3CC3)SC1)OCO2,0.10963166771224987,-0.9600639793720686,3.9600674083157763,99.87438898180699,1.1403912446794398,0.9980212493599331,True
Cl.c1ccc(-c2nc3n(n2)Cc2ccccc2-3)cc1,0.10864295254816998,-0.9639984402473579,10.953998026037054,99.69685924177105,1.0863826259004712,0.9932011767389017,True
Clc1ccc(C2=NN=C(NC3CC3)SC2)cc1,0.061185407714552,-1.2133521416566404,-1.1225681719991873,99.01115695788366,1.209422000912329,0.9979216231013408,True
Clc1nss/c1=N\c1ccc(Br)cc1,1.6307128154553225,0.21237748425006142,-7.406460672893668,106.21429650999998,0.6530101911360485,0.9909230602693542,True
Clc1snnc1CSc1nnc(-c2ccc3c(c2)OCO3)o1,2.7867465440544925,0.445097471216335,-8.72910365074313,110.10234209999999,0.9313533085058993,0.9876550534154828,True
Cn1c(=O)c2c(ncn2CC(=O)c2ccc3ccccc3c2)n(C)c1=O,1.5483233715203477,0.18986166939622387,1.752126375297687,101.92051428687155,1.9838504204613996,0.975045224664778,True
Cn1c(C2CC2)nc2cc(NC(=O)c3ccco3)ccc21,0.7494504990137347,-0.1252570468919347,4.882445929563979,99.48655071854176,1.035415068269409,0.9867271208114023,True
Cn1cc(Br)cc1C(=O)Nc1ccc2c(c1)OCCO2,1.7396201423752518,0.2404544275468629,-5.350813010288883,107.35385840921087,0.8031058836805274,0.985752496856799,True
Cn1cc(CCC(=O)Nc2cnc(-c3cccc(O)c3)nc2)cn1,1.7320589991971493,0.23856268132414227,-8.641643298815241,104.98966405757871,0.7605529360447059,0.9879545619666612,True
Cn1ccc2cc(C(=O)NCCc3nnc4ccccn34)ccc21,0.9507797619345434,-0.021920071131588493,-3.408570740813049,104.49579754413188,0.7829528520287568,0.9942969758909879,True
Cn1ccc2cc(C(=O)NCCn3c(=O)c(O)nc4ccccc43)ccc21,0.5190269634547242,-0.28481007996382507,-3.0029833180242824,100.6525182331669,0.8889098801117206,0.9943837988492986,True
Cn1ccc2cc(C(=O)Nc3nc4ccccc4[nH]3)ccc21,0.04296647915473604,-1.3668702326860684,20.21610697000013,99.61220620158616,1.3261941651581344,0.9974071954532691,True
Cn1ccnc(NC(=O)c2ccc(-c3ccc4c(c3)OCCO4)s2)c1=O,0.8461948722185899,-0.07252961073944203,-2.551679766900483,101.21800294999034,0.9650718996300224,0.9878710636834125,True
Cn1ccnc(Sc2ncc(-c3ccc(F)cc3)[nH]2)c1=O,0.4538980683014533,-0.3430416655228585,-6.3588232032964065,102.44232984591177,0.7955448555100403,0.9959014277421198,True
Cn1ccnc1C(=O)c1ccc(NC(=O)C2CCCC2)cc1,1.175768378126661,0.07032177581413475,-5.54131680261749,101.25727466128387,0.8957444350966205,0.9881033727256615,True
Cn1nncc1C(=O)Nc1nc2ccc(S(C)(=O)=O)cc2s1,0.1727970310858102,-0.7624637236286914,-0.22011434893843415,99.5539124220802,1.022345374895801,0.9958387710006616,True
Fc1ccc(-c2cn3nc(N4CCOCC4)sc3n2)cc1,0.031004654336003596,-1.508573106142641,61.291326029983935,99.76490907395461,1.5345356239365482,0.9938572585084705,True
N#Cc1ccc(C(=O)Nc2ccc3[nH]ccc3c2)cc1,0.30089373543457826,-0.5215868541160708,-1.8494311971851791,99.14731731888361,0.9579387029947151,0.9745556495100507,True
N.N.N.O=C(O)C1=CC(=C(c2ccc(O)c(C(=O)O)c2)c2ccc(O)c(C(=O)O)c2)C=CC1=O,0.3914655349467001,-0.4073064676835501,-12.415685302702085,102.54536335384942,0.9046742909779001,0.9972838737933,True
NC(=O)Nc1cccc(NC(=O)c2ccn(-c3ccc(F)cc3)n2)c1,0.9853862160410349,-0.006393517095802624,2.728019774036747,103.90952261503139,0.854172237382543,0.9868880331112102,True
NC(=O)c1cccc2[nH]c(-c3ccc([C@@H]4CCCN4)cc3F)nc12,1.8739532048077376,0.2727587417558564,-10.771994258772981,105.26211888999516,0.7396700381646301,0.9937436819097362,True
NC(=O)c1ccccc1NC(=O)c1ccc2c(c1)OCCCO2,0.2940444278921231,-0.5315870460141358,7.993035399269546,99.31284264515432,1.1072283876274278,0.9814737080742761,True
NC(=O)c1ccccc1NC(=O)c1ccc2ccccc2n1,0.15173095961153554,-0.8189257955044982,-0.18651879018746398,98.6194705182861,1.1034415522013734,0.9928425381650844,True
NC(Cc1cc(O)c(O)cc1O)C(=O)O,0.7971914138788744,-0.09843738749928048,2.4241780874281167,100.79527425895552,1.2514712555980958,0.9898879275276065,True
NS(=O)(=O)c1cccc(NC(=O)c2ccc(-n3cccc3)cc2)c1,0.8657518959882484,-0.06260654867676041,2.1147513428610494,101.00686235208047,0.9972080653942297,0.9847352566020398,True
Nc1c(C(=O)Nc2ccc3c(c2)OCCO3)sc2ncccc12,0.08992944154868282,-1.04609810349612,10.969283292015879,99.28301245771623,1.252275855302235,0.9940977380653958,True
Nc1cc2c3ccccc3ccc2c2ccccc12,0.8876211298421169,-0.05177236792649873,-2.483797067634538,99.88546714501513,1.2328648383867653,0.9938210429085685,True
Nc1ccc(-c2cnc3ccccc3n2)cc1,0.6895923651510059,-0.16140755546516442,-0.8338738009925709,99.34231602224587,1.0551580327816723,0.9934645895622856,True
Nc1ccc(-c2nc(-c3ccc(F)cc3)no2)cc1,0.1983963592404993,-0.7024663018202922,-4.842027628723154,97.08503527297934,1.0310171064278169,0.979990492325689,True
Nc1cccc(-c2ccc3ccccc3c2)n1,1.2828481681297998,0.10817525836603543,-6.950190948800622,101.5787641957161,0.9638092239857968,0.9950126347305491,True
Nc1ccccc1-c1nnc(-c2ccccc2)[nH]1,1.2390500468997339,0.09308884846922734,4.873050074714475,97.57583453379738,1.0557226719641362,0.9867455702726909,True
Nc1ccccc1C(=O)NCCC1=CCCCC1,0.25256671130299313,-0.5976238907169995,5.2570277351605466,98.9388306819719,1.0970292506132038,0.9919140821652372,True
Nc1nc(Nc2ccc3c(c2)OCCO3)nc2ccccc12,0.04358365488161174,-1.3606763530626946,2.2171235800000013,98.9014008573498,1.2605607079939707,0.9926116083611191,True
Nc1nn(-c2ccccc2)c(O)c1C1=NCCCCC1,2.2680766689468466,0.3556577311458101,3.8923168225401317,104.13987602444378,0.8388541684962489,0.9855274956973658,True
O.O=C(O)c1ccc(/N=N/c2ccc(O)cc2)cc1,0.7058940362087773,-0.1512604872537146,-1.9117288283068672,99.58756318112856,0.9655336813316324,0.9785874139216978,True
O=C(CCSc1ccccc1F)N1CCC[C@H](c2ccn[nH]2)C1,0.5262841152029658,-0.2787797380652006,-7.168098309328589,100.57014876436945,0.911348368059471,0.9898089073530413,True
O=C(COc1ccc(Br)cc1)Nc1ccccn1,0.084385973348072,-1.0737297358836506,-2.827374423998471,99.41724445216424,0.9782921923583062,0.9971255365777416,True
O=C(COc1ccc(Nc2ccccc2)cc1)Nc1ccccn1,2.9883047277010792,0.47542488190211973,3.790437654867248,106.26510813607835,0.9903618310709453,0.9864266133321448,True
O=C(COc1ccc(Oc2ccccn2)cc1)Nc1ccccn1,0.7528454810421351,-0.1232941521087183,-8.341452471987315,101.63896870411465,0.8309603009479374,0.9965270713484514,True
O=C(COc1ccc2ccccc2c1)Nc1nccs1,0.20212750926332423,-0.6943745756077389,-10.976909588523398,99.61433358439254,0.9602578095635869,0.9793060204241993,True
O=C(COc1ccc2ccccc2c1Br)Nc1ncccc1O,1.083632844857958,0.03488216000490337,-2.947605565303959,103.1086420032117,0.8778185955924581,0.9864449574559351,True
O=C(CSc1ccc2c(c1)OCCCO2)c1ccc[nH]1,1.09471085343136,0.03929942388679822,-6.430755226976206,101.8591531644921,0.7601393639510856,0.9929349850712612,True
O=C(CSc1nccn1Cc1ccco1)Nc1ccc2c(c1)OCCO2,0.6242691041995805,-0.2046281582733619,-2.978767547777602,101.75494061876132,0.8654760910051622,0.9958584636888576,True
O=C(Cn1c(-c2ccccc2)noc1=O)c1ccc2c(c1)OCO2,0.5016318957822561,-0.2996148571019168,-12.524692891265543,104.71977315449375,0.7549146021028517,0.994872976012227,True
O=C(NC1=NCCS1)c1ccc(CSc2nnc[nH]2)cc1,1.0105031360954602,0.004537665685899391,-5.162773440685459,100.54447110048622,0.9669165618192193,0.9919492546311979,True
O=C(NC1CCCCCC1)C1=Cc2ccccc2OC1,1.7096381673265086,0.23290420480076265,-1.5010111429851378,101.6552505354746,0.9178548926546465,0.9897403182424421,True
O=C(NCCc1ccccc1)c1cccc(N2CCCC2=O)c1,0.6289091130326573,-0.20141211220240784,0.12094125413399275,101.72321141128924,0.8532860667129836,0.9911284670065253,True
O=C(NCCc1ccccc1O)c1ccc(Oc2cccnc2)cc1,0.25070691701214265,-0.6008336836773482,-15.492391624332864,101.94502693330486,0.8377786093674324,0.989321570724099,True
O=C(N[C@H]1COc2ccccc2C1=O)c1ccc(N2CCCC2)c(F)c1,0.5498824907013368,-0.25973010885577513,-24.640714899999995,109.93356696986184,0.5524383825600426,0.9928593607091941,True
O=C(Nc1cc(-c2ccccn2)no1)c1ccc2c(c1)OCO2,0.07411684626312066,-1.1300830685714829,6.306957219097655,99.89983678739738,1.0079622175711176,0.988491597976155,True
O=C(Nc1cc(CCc2ccccc2)ccn1)C1=COCCO1,2.9887933915126554,0.4754958942874323,-3.0870278684664316,98.66428916307974,1.035921138828314,0.9817156857185338,True
O=C(Nc1cc2ccccc2oc1=O)c1ccccc1,0.09401529826104733,-1.0268014718282672,0.9366882262126517,98.54508941713657,1.148441201481444,0.9988713134148809,True
O=C(Nc1ccc(-c2cn3ccccc3n2)cc1)c1cccnc1,1.148578829123472,0.06016080700035466,-0.5038540811177575,97.61067818665273,0.8634530738478707,0.9862907744732136,True
O=C(Nc1ccc(-c2ncco2)cc1)N1CC[C@H]1C1CCCC1,0.2351423061651985,-0.62866922676125,-14.478275431228628,102.63022264224702,0.7524746662322614,0.996151712144727,True
O=C(Nc1ccc(Br)cc1)c1ccc2c(c1)OCCCO2,0.03887289401558978,-1.4103531257383053,15.789632760000002,99.17063519552583,1.3833775726779123,0.9951473114997724,True
O=C(Nc1ccc(Br)cn1)c1ccccn1,0.7555638542650293,-0.12172882664846392,-11.569444200988498,104.24557853051984,0.7811562074435426,0.9911413852523017,True
O=C(Nc1ccc(C(=O)Nc2cccc(N3CCCC3=O)c2)s1)c1ccco1,1.733326850239484,0.2388804645437041,-4.917160547638235,102.85160538142473,0.9209962295809012,0.986163286087059,True
O=C(Nc1ccc(Cl)cc1)c1ccc2c(c1)OCCCO2,0.03443811180579949,-1.4629606683334309,19.926153400000004,99.62459286140121,1.2990473640514393,0.9851976830909402,True
O=C(Nc1ccc(Cl)cn1)c1ccccn1,1.2939199511115724,0.11190740935750894,2.4720348393219305,97.95132267092453,1.1285200527231007,0.9866098922684803,True
O=C(Nc1ccc(F)cc1)c1ccc2c(c1)OCCCO2,0.12187864349925488,-0.914072388089557,7.463060966451495,99.37657271500771,1.0664763810073474,0.9952494133345544,True
O=C(Nc1ccc(I)cc1)c1cccc(N2CCCC2=O)c1,0.1357864705712303,-0.8671434999301209,-14.92986098069041,99.73390940372035,0.820926762141994,0.993937401483958,True
O=C(Nc1ccc(I)cn1)c1ccccn1,0.23681473829826796,-0.6255912725469692,3.1080569054807934,98.83824545272476,1.0489236406683917,0.9867274741407078,True
O=C(Nc1ccc(N2CCOCC2)cn1)c1cccc(OCc2cccs2)c1,0.96312008770924,-0.016319559004304825,-1.032089441503072,99.52416581817425,1.0595341799520162,0.9962851663770681,True
O=C(Nc1ccc(O)cc1I)c1cc2ccccc2oc1=O,0.579080953831408,-0.23726071892424652,4.491426936759255,98.87600552076886,1.2179436667430479,0.9901345659129,True
O=C(Nc1ccc(OCC(=O)N2CCOCC2)cc1)c1ccc2c(c1)OCO2,0.4808058560264252,-0.3180302514369424,-18.286561063567884,107.6397389465416,0.618959757448138,0.990828409765762,True
O=C(Nc1ccc([N+](=O)[O-])cc1Cl)c1cc(Cl)ccc1O,0.08518844939698787,-1.0696192867264558,-3.839373351139299,97.88696275225863,1.0935950490486395,0.9938951814586254,True
O=C(Nc1ccc2[nH]ccc2c1)c1cc(-c2ccco2)[nH]n1,1.7655873292315736,0.2468892034428178,1.1038372149136098,100.86669544214779,1.1584767722162348,0.9812377417666116,True
O=C(Nc1ccc2[nH]ncc2c1)c1cn2ccccc2n1,0.708887143552656,-0.14942289998422104,-4.201945647546252,102.56525216324853,0.8095601856380868,0.9924629718258478,True
O=C(Nc1ccc2c(c1)CCO2)c1ccc2c(c1)OCCO2,0.07418366885067622,-1.1296916918728432,-5.668046836999997,99.93640821891798,0.9641868573350443,0.9959976418210641,True
O=C(Nc1ccc2c(c1)OC1(CCCC1)O2)c1ccoc1,1.4205139772226336,0.15244551134357126,-7.855996566795298,109.50582420999999,0.7160603512420654,0.9858891652805781,True
O=C(Nc1ccc2c(c1)OCCCO2)c1cc2cc(F)ccc2[nH]1,0.10751520446035208,-0.968530114852502,-9.909994856999997,100.18533717044396,0.9749108424473846,0.9988570212638245,True
O=C(Nc1ccc2c(c1)OCCCO2)c1ccc2c(c1)OCCCO2,0.08225039566473842,-1.0848620042035289,6.834753573785789,99.89464166567015,1.1139854076982973,0.9884000669645611,True
O=C(Nc1ccc2c(c1)OCCCO2)c1ccccc1S[C@H]1CCS(=O)(=O)C1,1.515971954227781,0.18069116683905448,-9.013766542571075,103.03658165999998,0.7078487076456501,0.991107275494195,True
O=C(Nc1ccc2c(c1)OCCO2)C1=Cc2ccccc2OC1,0.034998314256488104,-1.455952873556478,18.288140880000935,99.11364471122097,1.4753271204729002,0.9938038952679445,True
O=C(Nc1ccc2c(c1)OCCO2)Nc1cccc2cccnc12,0.3062588759954798,-0.5139113157212956,-11.407009122219462,102.0981826076573,0.8435407496128549,0.9899225623979143,True
O=C(Nc1ccc2c(c1)OCCO2)c1ccc(-c2cncnc2)nc1,1.8091322779066557,0.2574703222300166,-2.025229444762727,100.99559375605052,1.0388429138789386,0.9815566142382389,True
O=C(Nc1ccc2c(c1)OCCO2)c1cccc(N2CCCCS2(=O)=O)c1,1.9849826833174706,0.297756722397637,-4.601416672764534,104.54998601284133,0.8264504980275086,0.9938295697530969,True
O=C(Nc1ccc2c(c1)OCO2)c1cc(Cl)c2c(c1)OCCCO2,0.23505510573641375,-0.628830310869824,-13.288207940995765,101.20340692750479,0.9421495744795034,0.9984311752332988,True
O=C(Nc1ccc2ncccc2c1)c1cccc2cn[nH]c12,0.2322750814528166,-0.6339973789557319,-9.077219410746762,101.1100943092354,0.8842991538925165,0.9937083053153195,True
O=C(Nc1ccc2oc(=O)ccc2c1)c1ccc2c(c1)OCCCO2,0.31774205032418673,-0.4979253063712093,-6.875555507593288,102.37273002468902,0.8280657623427219,0.9945531256617306,True
O=C(Nc1ccc2sncc2c1)c1cccc(N2CCOC2=O)c1,0.20582983782993441,-0.6864916681275279,-1.3376240247206148,99.93419089350444,1.0277342299744896,0.9879253507902807,True
O=C(Nc1cccc(-c2cnco2)c1)NC1COC2(CCCCC2)C1,1.5896605270868227,0.20130439038722006,-3.378506074785707,102.37702293172535,0.938825225442552,0.9876281784606508,True
O=C(Nc1cccc(Br)c1)c1ccc2c(c1)OCCCO2,0.03931493404331015,-1.4054424485911425,27.15429953000001,99.22380628865446,1.4690147818745463,0.9962876378550432,True
O=C(Nc1cccc(Cn2cccn2)c1)c1n[nH]c2ccccc12,0.1836166375763118,-0.7360879697566882,-17.75581663459182,100.92833197225431,0.8081139495168617,0.9935779862747183,True
O=C(Nc1cccc(F)c1)c1ccc2c(c1)OCCO2,1.1769769156582421,0.07076794500098905,-7.025535835603741,103.17814997396414,0.8759384695007091,0.990548344865931,True
O=C(Nc1cccc(O)c1)c1cc(-c2ccc(F)cc2)no1,0.6095845020171323,-0.21496608296438655,-0.33021615868433657,96.22718569861973,1.0181951178061395,0.9892334955226078,True
O=C(Nc1cccc(O)c1)c1cc(-c2ccc3c(c2)OCO3)on1,0.11196833130907442,-0.9509047941381533,-1.9843462114310189,97.32310327817412,1.1291537552856061,0.9942768473645519,True
O=C(Nc1ccccc1)c1ccc2c(=O)n3c(nc2c1)CCCCC3,1.7103007339273766,0.23307248208907613,3.7582602540620544,100.48237897285044,1.0394741835823507,0.9681515178037077,True
O=C(Nc1ccccc1)c1ccc2cc[nH]c2n1,0.17617757209990267,-0.7540493793133651,-5.059775290445102,99.0134195628479,1.011482598433247,0.995825560369072,True
O=C(Nc1ccccc1)c1nnc(C2CCCN(C(=O)NCc3ccco3)C2)s1,1.0420198204083575,0.017875979819659462,-9.20610543379022,105.34959161694907,0.7977429924844096,0.9796253737871491,True
O=C(Nc1ccccc1O)c1ccc2c(c1)CCC2,0.9122777382908659,-0.03987292280736212,-6.659451855197594,101.18986813394787,0.9778964988859686,0.9865477978701462,True
O=C(Nc1ccccn1)c1cc(-c2ccc3c(c2)OCCO3)on1,0.032289948217325386,-1.4909326514507193,27.332897410000005,99.32433543105682,1.4010450531257437,0.9911509651606576,True
O=C(Nc1ccccn1)c1cc2cc(F)ccc2[nH]1,0.3574864101685774,-0.44674046323626376,-3.8042275726528665,102.68512238155074,0.6918452463768069,0.9849322301851937,True
O=C(Nc1ccncc1)c1cc(-c2ccc3c(c2)OCCO3)on1,0.11889914755655255,-0.9248212590298573,0.7569115721380812,97.28689195687247,1.186249287838862,0.9970506740275614,True
O=C(Nc1cnc2ccccc2c1)c1ccc2[nH]cnc2c1,0.34835603511777496,-0.45797666110000707,-2.006736473425315,98.71339551547956,1.1506249463371911,0.9952995148205213,True
O=C(Nc1cnc2ccccc2c1)c1cccc(N2CCCS2(=O)=O)c1,0.24070192091950834,-0.6185204438279455,-4.561268522931834,100.29604375257888,0.9356527096987994,0.9944557695612374,True
O=C(Nc1cnc2ccccc2n1)c1cccc(N2CCCC2=O)c1,0.36474495012616376,-0.43801071217617826,-8.463258745888343,102.33198667538245,0.7813522227218705,0.9915134822267592,True
O=C(Nc1n[nH]c2ccccc12)c1ccc2c(c1)OCCCO2,0.19994622292294897,-0.6990867954775188,0.8602243104148376,98.9484069368636,1.0677549142366292,0.9698654112539827,True
O=C(Nc1nc(-c2ccc3c(c2)OCCO3)cs1)c1cccnc1O,0.37562270357395156,-0.425248165769883,-17.03019913283025,94.30323278743415,0.943781273461709,0.9904159210317443,True
O=C(Nc1nc(-c2ccccn2)cs1)c1cnn2ccccc12,0.20773859769375141,-0.6824828043408825,-4.6423845356021936,96.30961978399736,1.1127895084906396,0.9931831369007877,True
O=C(Nc1nc(-c2cccnc2)cs1)c1ccccn1,0.5982678226790853,-0.2231043546854655,-1.3954237315728004,101.5577813047629,0.8158971476367296,0.9920820685895199,True
O=C(Nc1nc2c(s1)CCC2)c1c(Cl)nc2ccccn12,0.23113912844205253,-0.6361265286531574,10.228295628966698,100.28458360993858,0.9950522599839251,0.9944230362975627,True
O=C(Nc1nc2c(s1)CCCC2)c1cn2ccccc2n1,0.13284772960193153,-0.8766458633822583,-12.243846272895869,98.4847189468779,1.1471487023874452,0.9946458018686872,True
O=C(Nc1nc2c(s1)COCC2)c1cc(F)cc(Cl)c1O,2.9353731000186816,0.4676633100065103,0.4448948478968169,105.74821583999989,0.7513211407121115,0.9722284577138678,True
O=C(Nc1nc2cc(C(F)(F)F)ccc2[nH]1)C1=COCCO1,0.9381330785857991,-0.027735550537768126,-2.097442696866386,101.92510452118276,0.8876441556612245,0.9906627671925533,True
O=C(Nc1nc2ccccc2[nH]1)c1ccc(-n2cccn2)cc1,0.1593090759524942,-0.7977594814254524,-1.4433496520757414,99.24099306070933,0.9781490294624052,0.9955599717824244,True
O=C(Nc1nc2ccccc2[nH]1)c1ccc(Cn2ccnc2)cc1,0.42017725182169646,-0.3765674637714246,-13.118717481431428,100.30276388805423,0.8679120065658394,0.9879584718538693,True
O=C(Nc1nc2ccccc2[nH]1)c1ccc(N2CCCCC2=O)cc1,0.22715124563100306,-0.6436848772988913,-1.3884302498053267,101.14271226604771,0.841482025744044,0.9922400427047358,True
O=C(Nc1nc2ccccc2[nH]1)c1ccccc1,0.3053484916421332,-0.5152042209869833,-1.3450500443345343,97.85124360698705,1.2519730335969677,0.9896766992951884,True
O=C(Nc1nc2ccccc2[nH]1)c1ccccn1,0.09985634950476863,-1.0006243146970293,-5.727824317364365,100.10009907809959,0.9683394817040814,0.9968740010888008,True
O=C(Nc1nc2ccccc2[nH]1)c1cn2ccccc2n1,0.09238169480553755,-1.03441407458632,4.715819308322206,100.19684436724978,1.0784772926924293,0.9994236125268366,True
O=C(Nc1nc2ccccc2s1)N1CCN(c2ccccc2O)CC1,1.7537580272494322,0.24396967188083818,3.1500194449929877,103.04428443506225,0.9680573020703079,0.9919518234017927,True
O=C(Nc1ncc(-c2ccccc2)cn1)C1CCCC1,0.4964344700610485,-0.3041380707720915,-7.857309995216678,102.97996576031927,0.7659646273227363,0.9942389472861125,True
O=C(Nc1ncc(-c2ccccc2)s1)c1ccccn1,0.13943641230067644,-0.8556238001526815,2.754519358877912,98.24916145412062,1.31616632028459,0.9903646278722943,True
O=C(O)C1=CC(=C(c2ccc(O)c(C(=O)O)c2)c2ccc(O)c(C(=O)O)c2)C=CC1=O,0.7942802219936591,-0.10002625148303673,-8.484603350920304,106.47322337133984,0.7708955272199857,0.9855211377027281,True
O=C(O)c1cccc(-c2noc(-c3ccccc3F)n2)c1,0.0086316302387063,-2.0639071722094133,82.80530698000081,99.96554164365538,1.2193487711361362,0.9686636032781616,True
O=C([C@@H]1CN(C(=O)c2cccc(-n3cccc3)c2)c2ccccc2O1)N1CCOCC1,2.109442100771212,0.3241676095184896,1.1656225915065526,100.25240408722948,1.7167487875583891,0.9884099365994414,True
O=C(c1cc(-c2ccc3c(c2)OCO3)on1)N1CCN(c2ccccc2)CC1,3.794834744631378,0.5791928682269237,-1.1768020360949185,105.13059520989928,1.138814116078069,0.9855911472789802,True
O=C(c1cc(=O)c2ccccc2o1)N1C[C@H]2CC[C@@H]1CN(C1CCOCC1)C2,0.33756397264458404,-0.4716439107329343,-3.606708078193854,100.25822465663099,1.0603595554305552,0.995084079625103,True
O=C(c1cc2c(cn1)OCCC2)N(Cc1ccco1)c1ccccn1,1.2135371234009646,0.08405306640473464,3.064151157644664,102.79187878617743,0.9205892014997183,0.9906213033665021,True
O=C(c1ccc(-c2ccc3c(c2)OCCO3)s1)N1CCN2C(=O)CC[C@H]2C1,1.9254393333259991,0.28452983943923654,3.2218396627008543,103.6947357167099,0.7886047746152073,0.9926257259529453,True
O=C(c1ccc(-c2ccccc2F)o1)N1CCCC1,0.9088925385063089,-0.04148746187439323,-0.3455188843555374,102.89888206619264,0.8616384638489094,0.9912951253139143,True
O=C(c1ccc2c(c1)OCCCO2)N1CC[C@H](c2ccccc2)C1,1.0628080784848737,0.026454846856106638,-8.022009427053424,97.53434615095917,1.014185791535593,0.9845269964483641,True
O=C(c1ccccn1)c1cc2ccccc2o1,1.6712358345566534,0.22303773919303183,-3.9457447172593656,98.49686402282121,1.1204929124756646,0.9921633541686425,True
O=C(c1coc(-c2ccccc2Cl)n1)N1CC[C@H]1C1CC1,2.909186581737229,0.463771575774511,-6.426548770140733,106.54384461998777,0.8039509141447133,0.9812144673205041,True
O=C1/C(=C/c2cn(-c3ccccc3)nc2-c2ccc(OCc3ccc(Cl)cc3)cc2)SC(=S)N1CCS(=O)(=O)O,2.3658200489168086,0.373981707859709,3.3028657836435,101.52447948527193,1.7335530798793568,0.9777103164048697,True
O=C1CC(=O)c2c(Cl)c(Cl)c(Cl)c(Cl)c21,0.2413284825357831,-0.617391417924924,1.0196391715459783,100.49871666763673,1.8379476272297044,0.9951803878646635,True
O=C1CCCCC[C@@H]1Sc1nnc(-c2cccs2)o1,0.4613243920044703,-0.33599358195604206,-12.085124499197013,102.19934348259521,0.8475129895726111,0.9951493594519676,True
O=C1CCCOc2cc(-c3ccccc3)ccc21,1.055078846887144,0.023284916020891812,-8.000974493377703,105.16857281256367,0.759020523530509,0.9923374156041573,True
O=C1COc2ccc(C3=NN=C(NC4CC4)SC3)cc2N1,1.0023887400057765,0.001036179513604183,1.0026705591301828,99.93891828804696,0.9646458713707762,0.9875441936639315,True
O=C1Nc2ccccc2/C1=C1\Nc2ccccc2\C1=N/O,0.5073603977974676,-0.2946834348069397,-11.652426878267523,101.68688980969506,0.8749584655727818,0.9965777044547939,True
O=C1OCCN1c1cccc(Nc2nc3ccccc3o2)c1,1.9805215039769546,0.296779562220155,-1.7569433430641739,103.06017051610614,0.9109611580620948,0.9795863536943552,True
O=C1c2c(O)cccc2Cc2cccc(O)c21,1.3980950484421186,0.14553669759759708,8.419318241371025,102.17894811255893,2.01264161197083,0.98964393005935,True
O=C1c2ccccc2Cc2cccc(O)c21,1.5279521202646211,0.1841097454499693,-0.49348452505965623,103.66625450023713,1.513817505917152,0.9862740535401497,True
O=C1c2ccccc2S(=O)(=O)N1CC1CC(c2ccccc2)=NO1,3.6659521716067207,0.5641867945752489,-3.1275293280163177,105.54934259999999,0.8491305256818191,0.9792421021774467,True
O=c1c(Cl)c(NCc2cn3ccccc3n2)cnn1CCOc1ccccc1,0.23544119583134898,-0.6281175450741044,-1.9532897562208948,101.41945115206022,0.9773585444247433,0.991673427441325,True
O=c1c2ccccc2cnn1-c1nc2ccccc2[nH]1,0.04064241583323999,-1.3910204849794923,18.288367330000003,99.25103229634992,1.4122214847279875,0.9968758587649695,True
O=c1c2cnc(N3CCCCC3)nc2ccn1-c1ccccc1F,1.6411876830704881,0.2151582489757223,-3.815245149757738,100.27884089110215,1.087900114029017,0.9760310728760667,True
O=c1c2cnc3c(-c4ccc(Cl)cc4)cnn3c2ccn1CCO,0.04393089090476675,-1.3572299892887243,-1.9609125249999992,98.8193041663448,1.1843139549736297,0.986764731230574,True
O=c1cc(-c2ccccc2)oc2ccc3ccccc3c12,0.05545130640075915,-1.2560882176670767,-8.221676604999999,98.3096627194517,1.1315498488300828,0.9895639592042472,True
O=c1cc(COc2ccc(Cl)cc2)nc2ccccn12,0.3040751898468459,-0.5170190134374932,-19.848494462129203,103.29273824385025,0.7325250423842855,0.9936178612416047,True
O=c1ccsn1-c1ccc(F)cc1F,1.0532535495905355,0.022532931425740282,-14.102967248906113,109.09005589999998,0.6008808907291131,0.9880833489152778,True
OCCOCCCNc1ncnc2c1cnn2-c1cccc(Br)c1,1.1990726136146441,0.07884548396395312,4.728643575590055,98.31736064933001,1.1168551893610967,0.9889501748652245,True
OC[C@H]1CCCN(c2ccc3cc(Br)ccc3n2)C1,0.5540770886945202,-0.2564298077164067,-3.727859599195108,99.13534349720351,0.9841436831369779,0.9906164906444336,True
OC[C@H]1CCCN1c1cc(NCCc2cccs2)ncn1,0.2970211903012789,-0.5272125658254477,-6.245351137922788,100.22630762724603,0.9897466949532354,0.9928266304454118,True
OC[C@H]1CCCN1c1cc(NCCc2ccsc2)ncn1,0.4866554755872349,-0.3127783858117855,-5.380773279107751,101.77592100532031,0.8376990191761337,0.9945736482320627,True
O[C@H]1CCCN(c2nn3cc(-c4ccc(F)cc4)nc3s2)C1,0.030263226546493494,-1.5190847710703983,39.86330436000025,99.43858048326146,1.6577101087983588,0.9897126899390781,True
Oc1ccc(/C=C/c2cc(O)cc(O)c2)cc1,0.6010437089486149,-0.22109394419533998,-1.1830748200967485,100.36929618723161,1.0373299300107468,0.9897831466683265,True
Oc1ccc(Nc2nc(-c3ccc(O)cc3O)cs2)cc1,0.3137668347908377,-0.5033929633256533,-4.206083262866178,100.25419901813848,1.0329215454747236,0.9931282153473705,True
Oc1ccc(Nc2nc(-c3ccccn3)cs2)cc1,0.4356100832179595,-0.3609020760346347,-5.528292598758285,99.30857575943884,1.061857605223057,0.9904429410732961,True
c1cc(-c2nc3cc4c(cc3[nH]2)OCCCO4)ccn1,1.6386520390409092,0.21448674272980056,-1.7598723837879913,100.61211904349491,1.0354899660872277,0.9845358049288262,True
c1cc2c(cc1C1=NN=C(NC3CCCC3)SC1)OCO2,1.604774928843468,0.20541413081219215,3.370813008591263,104.73122887288591,0.887471866531709,0.9739748770198902,True
c1ccc(-c2cnn3c(-c4ccco4)ccnc23)cc1,0.09589376558966818,-1.0182096270109602,-4.808921824999999,99.88452914689171,1.0197267246491366,0.9957725547969799,True
c1ccc(-n2cnc3c(Nc4cnn(C[C@H]5CCCO5)c4)ncnc32)cc1,0.6550105311347681,-0.18375171744798646,-4.3648916635595905,104.2352136683797,0.7076894736101267,0.9968514316629395,True
c1ccc(-n2ncc3c(N4CCCSCC4)ncnc32)cc1,0.4915640259781323,-0.30841990750009535,-6.965745445240114,103.31309090151065,0.7876522510163013,0.9873198511107661,True
c1ccc(-n2ncc3c(N4CC[C@]5(CCOC5)C4)ncnc32)cc1,0.7031277609070934,-0.15296575490100695,-3.9284277721147847,100.20375673489482,0.9178914921728704,0.9865184008551124,True
c1ccc(Nc2ccc(N3CCCCC3)nn2)cc1,1.0390406294432601,0.016632530038427212,2.700844270837729,99.6537980657557,0.9571629713308931,0.987635881760084,True
c1ccc2[nH]c(-c3ccc(-n4cccn4)cc3)nc2c1,0.0619858850106217,-1.2077071937258337,-2.5038573629999865,99.73842908603312,1.026175905803808,0.9944346010287042,True
c1cn2cc(-c3ccc4cn[nH]c4c3)nc(Nc3ccc(N4CCOCC4)cc3)c2n1,0.01220750206758798,-1.9133731934872569,23.87934079140268,100.07401584739914,2.4099515242632163,0.5805525847588406,True
